payment_id,booking_ref,event_ts_utc,amount,currency,method,status
PAY700993,GWPL5Y,2026-05-01T05:12:08Z,26909.57,PKR,card,CAPTURED
PAY700269,PYFW9S,2026-05-01T05:32:33Z,97653.9,PKR,jazzcash,CAPTURED
PAY700458,6PE71D,2026-05-01T11:15:59Z,169476.84,PKR,easypaisa,CAPTURED
PAY700680,P2B7RE,2026-05-01T12:26:15Z,1446.62,AED,wallet,FAILED
PAY700681,P2B7RE,2026-05-01T12:53:15Z,1446.62,AED,jazzcash,CAPTURED
PAY700031,ULV6DG,2026-05-01T16:14:31Z,25417.08,PKR,wallet,CAPTURED
PAY700596,7PQB4E,2026-05-01T16:29:59Z,92057.85,PKR,jazzcash,CAPTURED
PAY700788,28VNRL,2026-05-01T18:42:00Z,97634.11,PKR,jazzcash,CAPTURED
PAY700521,MMK54K,2026-05-01T19:52:50Z,49374.37,PKR,easypaisa,CAPTURED
PAY700172,JQEUUE,2026-05-01T20:03:39Z,42446.75,PKR,card,FAILED
PAY700173,JQEUUE,2026-05-01T20:26:39Z,42446.75,PKR,card,CAPTURED
PAY700330,LZFL56,2026-05-01T20:45:42Z,69122.37,PKR,jazzcash,CAPTURED
PAY700518,Z7969M,2026-05-01T21:58:14Z,15380.26,PKR,jazzcash,CAPTURED
PAY700828,Q51A20,2026-05-01T22:30:12Z,48386.28,PKR,bank_transfer,CAPTURED
PAY700950,Z2SXS3,2026-05-01T22:36:34Z,295187.45,PKR,bank_transfer,CAPTURED
PAY700823,3U8GAH,2026-05-02T00:38:30Z,1454.2,AED,bank_transfer,CAPTURED
PAY700392,X6Z7RD,2026-05-02T01:58:26Z,99055.47,PKR,wallet,FAILED
PAY700393,X6Z7RD,2026-05-02T02:28:26Z,99055.47,PKR,bank_transfer,CAPTURED
PAY700048,4CQYDL,2026-05-02T04:05:04Z,237407.77,PKR,card,FAILED
PAY700049,4CQYDL,2026-05-02T04:34:04Z,237407.77,PKR,wallet,CAPTURED
PAY700773,AMMFXB,2026-05-02T09:25:41Z,205503.72,PKR,bank_transfer,CAPTURED
PAY700672,ACUP5R,2026-05-02T10:12:48Z,191674.04,PKR,wallet,CAPTURED
PAY700679,K60XLD,2026-05-02T12:35:44Z,77750.1,PKR,wallet,CAPTURED
PAY700714,ADA8ME,2026-05-02T13:19:47Z,39569.12,PKR,card,CAPTURED
PAY700304,QXBA1V,2026-05-02T15:10:04Z,369110.47,PKR,wallet,CAPTURED
PAY700996,5C2ZYJ,2026-05-02T15:44:31Z,83932.86,PKR,jazzcash,CAPTURED
PAY700478,33WZ58,2026-05-02T16:28:17Z,188287.07,PKR,jazzcash,CAPTURED
PAY700955,Y8A3LZ,2026-05-03T00:08:53Z,88786.17,PKR,wallet,CAPTURED
PAY700749,P0N749,2026-05-03T00:42:11Z,76331.37,PKR,wallet,CAPTURED
PAY700179,02EVMB,2026-05-03T03:07:35Z,101650.58,PKR,bank_transfer,FAILED
PAY700180,02EVMB,2026-05-03T03:28:35Z,101650.58,PKR,bank_transfer,CAPTURED
PAY700402,YF7QQ8,2026-05-03T03:28:53Z,49875.93,PKR,wallet,CAPTURED
PAY701020,M0830K,2026-05-03T08:12:41Z,257386.11,PKR,card,FAILED
PAY700347,1TM0QJ,2026-05-03T08:24:43Z,61742.81,PKR,bank_transfer,CAPTURED
PAY701021,M0830K,2026-05-03T08:26:41Z,257386.11,PKR,wallet,CAPTURED
PAY701046,1AQ502,2026-05-03T09:03:03Z,323989.42,PKR,bank_transfer,CAPTURED
PAY700378,S5J54U,2026-05-03T09:40:49Z,982.09,AED,jazzcash,FAILED
PAY700379,S5J54U,2026-05-03T09:54:49Z,982.09,AED,easypaisa,CAPTURED
PAY700547,ET4CGG,2026-05-03T11:50:19Z,53871.8,PKR,jazzcash,CAPTURED
PAY700747,UYNLUE,2026-05-03T15:15:35Z,21942.91,PKR,jazzcash,CAPTURED
PAY701072,K1B1DU,2026-05-03T19:07:39Z,129617.18,PKR,card,CAPTURED
PAY700102,JBVZ3D,2026-05-03T19:19:31Z,104411.72,PKR,wallet,CAPTURED
PAY700206,YCFUY1,2026-05-03T20:17:13Z,213975.1,PKR,card,CAPTURED
PAY700323,Z5JQGX,2026-05-03T21:28:53Z,146347.95,PKR,wallet,CAPTURED
PAY700159,B89T4G,2026-05-03T21:49:11Z,93195.59,PKR,bank_transfer,CAPTURED
PAY700292,TYWTVB,2026-05-04T00:26:19Z,334989.4,PKR,jazzcash,CAPTURED
PAY700800,ZXM2GJ,2026-05-04T00:30:39Z,39006.66,PKR,jazzcash,CAPTURED
PAY700801,ZXM2GJ,2026-05-04T00:31:45Z,39006.66,PKR,card,CAPTURED
PAY700912,JJGRX6,2026-05-04T06:13:43Z,110023.67,PKR,wallet,CAPTURED
PAY700601,BRK0PW,2026-05-04T08:56:56Z,71874.73,PKR,easypaisa,CAPTURED
PAY700766,AR2540,2026-05-04T09:35:16Z,104107.47,PKR,wallet,CAPTURED
PAY700073,FCFHSC,2026-05-04T11:10:51Z,102096.39,PKR,card,CAPTURED
PAY700603,5QC268,2026-05-04T11:47:07Z,220728.48,PKR,wallet,CAPTURED
PAY700925,EXB4Z6,2026-05-04T12:51:19Z,99606.08,PKR,bank_transfer,CAPTURED
PAY700737,JMKRCB,2026-05-04T13:46:54Z,139264.43,PKR,easypaisa,CAPTURED
PAY701055,2WH34B,2026-05-04T14:39:41Z,47195.11,PKR,jazzcash,CAPTURED
PAY700831,YHBN67,2026-05-04T17:05:12Z,67872.61,PKR,card,CAPTURED
PAY700047,4VP69C,2026-05-04T17:20:45Z,110934.84,PKR,easypaisa,CAPTURED
PAY701063,NV88P8,2026-05-04T19:33:33Z,152978.43,PKR,card,CAPTURED
PAY700345,73UUXG,2026-05-04T19:45:03Z,442150.3,PKR,easypaisa,CAPTURED
PAY700889,V7YU4J,2026-05-04T20:51:58Z,45101.63,PKR,wallet,CAPTURED
PAY700933,RYQ62W,2026-05-04T22:49:51Z,113223.77,PKR,easypaisa,CAPTURED
PAY700652,F3Y3GP,2026-05-05T09:01:43Z,44612.86,PKR,jazzcash,CAPTURED
PAY700070,95QUGB,2026-05-05T11:04:36Z,68426.7,PKR,bank_transfer,CAPTURED
PAY700106,5EAACR,2026-05-05T12:36:49Z,403043.62,PKR,easypaisa,CAPTURED
PAY701035,MJLMKP,2026-05-05T17:13:17Z,106779.75,PKR,wallet,CAPTURED
PAY700948,T1QD5N,2026-05-05T17:44:55Z,144972.3,PKR,easypaisa,CAPTURED
PAY700210,ULG08F,2026-05-05T18:23:01Z,502042.41,PKR,easypaisa,CAPTURED
PAY700354,4NRVU2,2026-05-05T20:18:34Z,69592.6,PKR,easypaisa,FAILED
PAY700355,4NRVU2,2026-05-05T20:32:34Z,69592.6,PKR,card,CAPTURED
PAY700563,47CZMP,2026-05-05T21:26:06Z,222634.06,PKR,card,FAILED
PAY700926,L2MGA9,2026-05-05T21:39:02Z,433.24,USD,jazzcash,CAPTURED
PAY700564,47CZMP,2026-05-05T21:47:06Z,222634.06,PKR,jazzcash,CAPTURED
PAY700738,0VC5F5,2026-05-05T22:03:31Z,141635.9,PKR,card,CAPTURED
PAY700992,NUE0T9,2026-05-06T00:03:27Z,89642.56,PKR,card,CAPTURED
PAY700973,9PA2XX,2026-05-06T03:00:01Z,140608.28,PKR,easypaisa,CAPTURED
PAY700695,E5P51K,2026-05-06T04:51:39Z,34595.08,PKR,jazzcash,CAPTURED
PAY700137,DYES47,2026-05-06T05:31:09Z,212786.27,PKR,wallet,CAPTURED
PAY700396,J7HN6P,2026-05-06T06:17:26Z,54427.88,PKR,easypaisa,CAPTURED
PAY700243,UJ10F3,2026-05-06T07:41:01Z,355469.96,PKR,easypaisa,CAPTURED
PAY700527,EGLTHT,2026-05-06T08:46:11Z,103804.01,PKR,card,CAPTURED
PAY700594,R1DD27,2026-05-06T17:19:03Z,208246.62,PKR,card,CAPTURED
PAY700279,6JMBFC,2026-05-06T19:22:01Z,322077.79,PKR,wallet,CAPTURED
PAY700037,WVH0ET,2026-05-06T19:34:36Z,223418.78,PKR,card,CAPTURED
PAY700508,DGAQMR,2026-05-06T19:35:44Z,121954.48,PKR,card,CAPTURED
PAY700483,METL35,2026-05-06T19:44:08Z,111449.6,PKR,card,CAPTURED
PAY700307,VU7DYN,2026-05-06T20:30:15Z,108952.17,PKR,bank_transfer,CAPTURED
PAY700618,Z160FW,2026-05-06T20:33:21Z,151171.66,PKR,easypaisa,CAPTURED
PAY700619,Z160FW,2026-05-06T20:33:47Z,151171.66,PKR,card,CAPTURED
PAY700336,NUQHCF,2026-05-06T21:13:29Z,42841.89,PKR,jazzcash,CAPTURED
PAY700585,LFF5PD,2026-05-07T00:07:48Z,60025.94,PKR,bank_transfer,CAPTURED
PAY700377,5HGK48,2026-05-07T01:46:46Z,268999.45,PKR,jazzcash,CAPTURED
PAY701017,JHMSM0,2026-05-07T04:30:42Z,55870.89,PKR,easypaisa,CAPTURED
PAY700898,9GJEJQ,2026-05-07T04:36:40Z,63659.67,PKR,bank_transfer,CAPTURED
PAY700811,PFNF35,2026-05-07T05:38:00Z,212581.61,PKR,jazzcash,CAPTURED
PAY700745,BCARSH,2026-05-07T06:18:04Z,64802.71,PKR,wallet,CAPTURED
PAY700429,LV3XS8,2026-05-07T06:36:27Z,261518.78,PKR,jazzcash,CAPTURED
PAY700711,GYJE36,2026-05-07T10:41:49Z,23579.47,PKR,easypaisa,CAPTURED
PAY700358,9307AX,2026-05-07T14:21:01Z,1477.0,AED,bank_transfer,CAPTURED
PAY700398,4WDZP7,2026-05-07T17:11:46Z,127072.73,PKR,easypaisa,CAPTURED
PAY700097,43RJ2D,2026-05-07T19:08:53Z,42571.41,PKR,bank_transfer,CAPTURED
PAY700286,F188W2,2026-05-07T19:36:31Z,95270.1,PKR,bank_transfer,CAPTURED
PAY700724,FGSNEV,2026-05-07T19:47:01Z,45047.69,PKR,wallet,CAPTURED
PAY700150,RKC6Z8,2026-05-07T20:44:55Z,119077.27,PKR,jazzcash,CAPTURED
PAY700090,WED2JQ,2026-05-07T21:12:16Z,145017.23,PKR,card,FAILED
PAY700091,WED2JQ,2026-05-07T21:13:16Z,145017.23,PKR,easypaisa,CAPTURED
PAY700092,WED2JQ,2026-05-07T21:13:45Z,145017.23,PKR,card,CAPTURED
PAY700715,DZUWFD,2026-05-07T22:18:07Z,109361.85,PKR,easypaisa,CAPTURED
PAY700503,SEL9TS,2026-05-07T22:29:37Z,167647.18,PKR,jazzcash,CAPTURED
PAY701025,DPXD1Y,2026-05-07T22:50:30Z,38730.44,PKR,jazzcash,CAPTURED
PAY700540,1RHS24,2026-05-08T01:33:23Z,293295.31,PKR,easypaisa,CAPTURED
PAY700295,PZS3WN,2026-05-08T04:48:41Z,94482.9,PKR,bank_transfer,CAPTURED
PAY700761,NTT1P0,2026-05-08T07:00:15Z,209683.88,PKR,bank_transfer,CAPTURED
PAY700523,J1EK8A,2026-05-08T07:10:55Z,30412.54,PKR,jazzcash,CAPTURED
PAY700874,6U9MAS,2026-05-08T08:13:09Z,14158.65,PKR,jazzcash,CAPTURED
PAY700437,E14HMA,2026-05-08T09:19:22Z,29502.72,PKR,card,CAPTURED
PAY700510,A2BT66,2026-05-08T15:04:43Z,61234.58,PKR,card,CAPTURED
PAY700028,N6D8VR,2026-05-08T16:47:43Z,281621.4,PKR,card,CAPTURED
PAY700056,5BA3Y2,2026-05-08T22:29:37Z,44940.07,PKR,card,CAPTURED
PAY700109,07CA13,2026-05-08T23:52:49Z,225361.81,PKR,bank_transfer,CAPTURED
PAY700060,ZL4DJ1,2026-05-08T23:55:36Z,133459.0,PKR,easypaisa,CAPTURED
PAY700267,M9GCCV,2026-05-09T00:46:28Z,126982.96,PKR,wallet,FAILED
PAY700268,M9GCCV,2026-05-09T01:16:28Z,126982.96,PKR,easypaisa,CAPTURED
PAY700830,7Y6L2V,2026-05-09T03:26:27Z,113587.43,PKR,jazzcash,CAPTURED
PAY700019,L58FET,2026-05-09T08:30:14Z,198347.17,PKR,easypaisa,CAPTURED
PAY700943,FDWDRY,2026-05-09T08:33:44Z,94371.97,PKR,jazzcash,CAPTURED
PAY700391,RNKZGV,2026-05-09T08:51:06Z,114928.56,PKR,jazzcash,CAPTURED
PAY700390,6WREZ7,2026-05-09T11:31:26Z,306654.45,PKR,jazzcash,CAPTURED
PAY700885,4LDT0C,2026-05-09T16:53:10Z,105349.66,PKR,bank_transfer,CAPTURED
PAY700886,4LDT0C,2026-05-09T16:54:19Z,105349.66,PKR,card,CAPTURED
PAY700984,8QG4BP,2026-05-09T18:01:09Z,270002.16,PKR,bank_transfer,CAPTURED
PAY700666,D0CF0V,2026-05-09T18:50:11Z,117122.92,PKR,easypaisa,CAPTURED
PAY700668,WYGLCU,2026-05-09T20:50:28Z,105231.88,PKR,wallet,CAPTURED
PAY700583,MGFM2L,2026-05-09T21:09:33Z,146279.37,PKR,wallet,CAPTURED
PAY700981,TZKMGR,2026-05-09T22:25:18Z,33182.04,PKR,wallet,CAPTURED
PAY700262,GBGFAE,2026-05-10T00:35:46Z,64944.53,PKR,bank_transfer,CAPTURED
PAY700435,LSCGP2,2026-05-10T01:23:12Z,39126.0,PKR,bank_transfer,CAPTURED
PAY700817,7VUZ3A,2026-05-10T03:05:45Z,270079.88,PKR,card,CAPTURED
PAY700328,3DFZ6Y,2026-05-10T04:15:52Z,41000.03,PKR,easypaisa,CAPTURED
PAY700353,U3GNGU,2026-05-10T05:01:26Z,33878.81,PKR,wallet,CAPTURED
PAY700163,KHLYQW,2026-05-10T07:22:50Z,145164.33,PKR,bank_transfer,CAPTURED
PAY700629,KQXBC4,2026-05-10T08:35:19Z,39393.33,PKR,bank_transfer,CAPTURED
PAY700289,CUNL6R,2026-05-10T08:39:01Z,294247.82,PKR,bank_transfer,CAPTURED
PAY700520,HU6U37,2026-05-10T08:43:32Z,61371.03,PKR,card,CAPTURED
PAY700529,J9H8G0,2026-05-10T10:33:03Z,80922.72,PKR,easypaisa,CAPTURED
PAY700506,8Z7J93,2026-05-10T11:05:38Z,235865.95,PKR,jazzcash,CAPTURED
PAY700481,BVUJ2X,2026-05-10T17:33:08Z,52558.67,PKR,easypaisa,CAPTURED
PAY700465,2CBUYD,2026-05-10T21:11:47Z,326230.38,PKR,easypaisa,CAPTURED
PAY700401,EM40B1,2026-05-10T21:33:45Z,34241.81,PKR,card,CAPTURED
PAY700522,MMK54K,2026-05-10T21:41:50Z,49374.37,PKR,bank_transfer,REFUNDED
PAY700675,QT1VDN,2026-05-10T22:50:52Z,4250.53,AED,bank_transfer,FAILED
PAY700676,QT1VDN,2026-05-10T22:53:52Z,4250.53,AED,bank_transfer,CAPTURED
PAY700567,SWJ44B,2026-05-10T23:34:17Z,236060.33,PKR,wallet,CAPTURED
PAY701014,L9VZM4,2026-05-10T23:52:50Z,381543.71,PKR,wallet,CAPTURED
PAY700654,ZDZGFN,2026-05-11T01:22:02Z,38500.48,PKR,wallet,CAPTURED
PAY700663,THT25N,2026-05-11T01:53:04Z,185046.18,PKR,card,FAILED
PAY700664,THT25N,2026-05-11T02:29:04Z,185046.18,PKR,bank_transfer,CAPTURED
PAY700142,LMS5HP,2026-05-11T04:00:10Z,45392.47,PKR,easypaisa,CAPTURED
PAY700494,Z43Q0S,2026-05-11T05:38:32Z,170531.2,PKR,card,FAILED
PAY700495,Z43Q0S,2026-05-11T05:45:32Z,170531.2,PKR,card,CAPTURED
PAY700299,5PBQ4N,2026-05-11T05:55:52Z,700947.15,PKR,card,CAPTURED
PAY700541,2E3ST5,2026-05-11T06:11:43Z,1275.9,USD,jazzcash,CAPTURED
PAY700361,1YDCEG,2026-05-11T07:38:14Z,51152.77,PKR,jazzcash,FAILED
PAY700362,1YDCEG,2026-05-11T08:12:14Z,51152.77,PKR,jazzcash,CAPTURED
PAY700660,EA1G18,2026-05-11T09:31:46Z,4745.82,AED,bank_transfer,CAPTURED
PAY700112,66FJM3,2026-05-11T09:50:57Z,77569.87,PKR,jazzcash,CAPTURED
PAY700798,XZZ9YX,2026-05-11T12:37:56Z,33006.87,PKR,easypaisa,CAPTURED
PAY700875,THN17U,2026-05-11T13:38:26Z,66291.04,PKR,card,CAPTURED
PAY700064,8M188Z,2026-05-11T19:36:23Z,56450.96,PKR,card,FAILED
PAY700065,8M188Z,2026-05-11T20:11:23Z,56450.96,PKR,card,CAPTURED
PAY700326,HU0SB5,2026-05-11T22:20:03Z,176157.81,PKR,easypaisa,CAPTURED
PAY701006,AZUWNV,2026-05-12T03:36:59Z,110554.4,PKR,jazzcash,CAPTURED
PAY700862,2RCPX0,2026-05-12T12:52:45Z,77807.16,PKR,jazzcash,CAPTURED
PAY700602,06HU2R,2026-05-12T13:28:09Z,135750.8,PKR,card,CAPTURED
PAY700261,J7BN91,2026-05-12T14:08:04Z,83608.02,PKR,jazzcash,CAPTURED
PAY700647,CQEWCM,2026-05-12T17:03:53Z,88705.12,PKR,card,CAPTURED
PAY700441,QEMD31,2026-05-12T17:33:11Z,418114.27,PKR,wallet,CAPTURED
PAY700094,J8R1PC,2026-05-12T18:19:03Z,112450.07,PKR,easypaisa,CAPTURED
PAY700440,13H9QB,2026-05-12T19:04:34Z,140824.6,PKR,card,CAPTURED
PAY700843,9ZWUYR,2026-05-12T21:44:57Z,51617.5,PKR,bank_transfer,CAPTURED
PAY700110,XP9MAR,2026-05-13T01:20:08Z,23055.67,PKR,easypaisa,CAPTURED
PAY700222,YJ3B3E,2026-05-13T04:52:05Z,34515.18,PKR,easypaisa,CAPTURED
PAY700892,UFVF8X,2026-05-13T05:11:02Z,88849.96,PKR,wallet,CAPTURED
PAY700484,0ZAXGG,2026-05-13T06:49:39Z,78544.66,PKR,card,CAPTURED
PAY700500,23VSAV,2026-05-13T06:53:38Z,65806.27,PKR,card,CAPTURED
PAY700381,076RR4,2026-05-13T08:17:29Z,189373.3,PKR,card,CAPTURED
PAY700444,E5LB0S,2026-05-13T08:47:43Z,79070.14,PKR,wallet,CAPTURED
PAY700232,NA282B,2026-05-13T08:52:53Z,3254.66,AED,easypaisa,CAPTURED
PAY700363,53NJZ1,2026-05-13T10:11:17Z,60947.2,PKR,card,CAPTURED
PAY700989,6U2253,2026-05-13T13:35:13Z,66432.24,PKR,wallet,CAPTURED
PAY700433,HDX7ZW,2026-05-13T20:17:39Z,113570.25,PKR,bank_transfer,CAPTURED
PAY700906,HU8TFF,2026-05-13T20:33:19Z,86344.7,PKR,easypaisa,CAPTURED
PAY700459,6PE71D,2026-05-13T21:43:59Z,169476.84,PKR,bank_transfer,REFUNDED
PAY700148,0P0CJ8,2026-05-13T21:47:54Z,37697.79,PKR,easypaisa,CAPTURED
PAY700768,V8NMS4,2026-05-13T23:27:56Z,154530.88,PKR,card,CAPTURED
PAY700294,69SNPA,2026-05-14T01:34:35Z,186740.5,PKR,easypaisa,CAPTURED
PAY701047,VF904E,2026-05-14T03:59:45Z,176122.63,PKR,card,CAPTURED
PAY700266,0KKV7H,2026-05-14T06:06:22Z,49911.16,PKR,wallet,CAPTURED
PAY700868,2BQYAL,2026-05-14T06:58:11Z,245673.01,PKR,card,CAPTURED
PAY700012,H5Z5R0,2026-05-14T07:50:56Z,60674.41,PKR,wallet,CAPTURED
PAY700626,4T6ZZ9,2026-05-14T08:34:23Z,120983.33,PKR,easypaisa,CAPTURED
PAY700408,7C4D15,2026-05-14T10:50:05Z,36810.65,PKR,easypaisa,CAPTURED
PAY700716,Y88E43,2026-05-14T11:44:15Z,118836.85,PKR,easypaisa,CAPTURED
PAY700579,2YSKGK,2026-05-14T13:52:56Z,159793.8,PKR,bank_transfer,CAPTURED
PAY700187,L1GEF3,2026-05-14T14:49:34Z,153442.05,PKR,bank_transfer,FAILED
PAY700188,L1GEF3,2026-05-14T15:04:34Z,153442.05,PKR,easypaisa,CAPTURED
PAY700982,3F71FS,2026-05-14T16:48:31Z,150748.76,PKR,easypaisa,CAPTURED
PAY700957,BEMZGS,2026-05-14T17:45:20Z,93985.74,PKR,bank_transfer,CAPTURED
PAY700884,39THF1,2026-05-14T18:55:48Z,87657.58,PKR,wallet,CAPTURED
PAY700365,A6ZCFX,2026-05-14T19:21:42Z,93788.05,PKR,jazzcash,CAPTURED
PAY700045,HA6ZKP,2026-05-14T23:34:52Z,295990.38,PKR,card,FAILED
PAY700021,7RUY70,2026-05-14T23:40:41Z,18514.41,PKR,bank_transfer,CAPTURED
PAY700046,HA6ZKP,2026-05-14T23:47:52Z,295990.38,PKR,wallet,CAPTURED
PAY700633,XW393R,2026-05-15T02:18:37Z,76345.21,PKR,easypaisa,CAPTURED
PAY700863,EVUEQ1,2026-05-15T02:59:20Z,165107.65,PKR,card,CAPTURED
PAY700352,CMMVW9,2026-05-15T04:52:22Z,65446.95,PKR,bank_transfer,CAPTURED
PAY700445,W7GEXR,2026-05-15T04:56:21Z,115577.61,PKR,card,CAPTURED
PAY700449,GWJKJW,2026-05-15T05:27:47Z,110138.42,PKR,jazzcash,CAPTURED
PAY700804,DTY7UW,2026-05-15T06:20:54Z,95509.65,PKR,easypaisa,CAPTURED
PAY700079,1PMKCS,2026-05-15T07:48:06Z,116490.95,PKR,card,CAPTURED
PAY700255,GEZZ5D,2026-05-15T16:43:10Z,37267.89,PKR,bank_transfer,FAILED
PAY700256,GEZZ5D,2026-05-15T16:51:10Z,37267.89,PKR,jazzcash,CAPTURED
PAY700275,YG44BY,2026-05-15T17:34:38Z,34620.67,PKR,bank_transfer,CAPTURED
PAY700059,DFFYPL,2026-05-15T19:39:26Z,73533.44,PKR,bank_transfer,CAPTURED
PAY700980,T5ASW6,2026-05-15T20:28:42Z,50730.59,PKR,card,CAPTURED
PAY700165,3BMF1A,2026-05-15T21:31:23Z,50039.73,PKR,easypaisa,CAPTURED
PAY700152,8G93W8,2026-05-15T21:52:47Z,89943.89,PKR,wallet,CAPTURED
PAY700247,6JLXMV,2026-05-15T22:38:33Z,51731.03,PKR,easypaisa,FAILED
PAY700248,6JLXMV,2026-05-15T22:56:33Z,51731.03,PKR,jazzcash,CAPTURED
PAY700367,6FGGMY,2026-05-16T03:17:29Z,134458.11,PKR,easypaisa,CAPTURED
PAY700114,SHHVJ3,2026-05-16T04:20:27Z,436668.83,PKR,card,CAPTURED
PAY700212,TDTBZR,2026-05-16T05:34:50Z,85158.54,PKR,card,FAILED
PAY700213,TDTBZR,2026-05-16T05:43:50Z,85158.54,PKR,card,CAPTURED
PAY700427,NBHDH8,2026-05-16T05:55:59Z,88428.99,PKR,jazzcash,CAPTURED
PAY700160,MVD1VF,2026-05-16T06:01:00Z,287245.76,PKR,jazzcash,FAILED
PAY700161,MVD1VF,2026-05-16T06:25:00Z,287245.76,PKR,wallet,CAPTURED
PAY700774,LR6SZB,2026-05-16T08:06:24Z,74409.36,PKR,bank_transfer,FAILED
PAY700775,LR6SZB,2026-05-16T08:20:24Z,74409.36,PKR,easypaisa,CAPTURED
PAY700052,EDYLT2,2026-05-16T09:54:54Z,352130.33,PKR,bank_transfer,FAILED
PAY700053,EDYLT2,2026-05-16T10:09:54Z,352130.33,PKR,card,CAPTURED
PAY700480,JH8P6L,2026-05-16T11:38:41Z,31685.31,PKR,wallet,CAPTURED
PAY700822,6RHC4Y,2026-05-16T12:42:55Z,68545.02,PKR,easypaisa,CAPTURED
PAY701009,WTGQNR,2026-05-16T13:44:48Z,109057.85,PKR,wallet,CAPTURED
PAY700141,F7UL9S,2026-05-16T16:09:28Z,20190.03,PKR,easypaisa,CAPTURED
PAY700758,EM3W3Y,2026-05-16T17:30:00Z,75548.62,PKR,wallet,CAPTURED
PAY700977,LCY08R,2026-05-16T17:42:29Z,104795.58,PKR,wallet,CAPTURED
PAY700281,XS14G3,2026-05-16T17:59:03Z,90919.97,PKR,easypaisa,CAPTURED
PAY700867,74YD6Q,2026-05-16T19:56:02Z,77665.45,PKR,jazzcash,CAPTURED
PAY700860,2EREC1,2026-05-16T20:49:21Z,186097.51,PKR,wallet,CAPTURED
PAY700859,2EREC1,2026-05-16T20:50:21Z,186097.51,PKR,bank_transfer,FAILED
PAY700846,01G8YT,2026-05-16T21:43:56Z,169165.45,PKR,bank_transfer,FAILED
PAY700847,01G8YT,2026-05-16T21:44:56Z,169165.45,PKR,card,CAPTURED
PAY700720,27Z5VT,2026-05-16T22:04:15Z,1159.79,AED,card,CAPTURED
PAY700123,GAQRYW,2026-05-17T04:55:02Z,15144.82,PKR,wallet,FAILED
PAY700124,GAQRYW,2026-05-17T05:18:02Z,15144.82,PKR,wallet,CAPTURED
PAY700196,5CDZX7,2026-05-17T05:51:43Z,33082.63,PKR,card,CAPTURED
PAY700794,M7P1XK,2026-05-17T08:13:39Z,386756.01,PKR,card,CAPTURED
PAY700348,1TM0QJ,2026-05-17T09:53:43Z,61742.81,PKR,bank_transfer,REFUNDED
PAY700593,2USYHP,2026-05-17T10:04:31Z,59821.11,PKR,jazzcash,CAPTURED
PAY700466,UHYTYV,2026-05-17T11:55:17Z,89835.38,PKR,bank_transfer,CAPTURED
PAY700467,UHYTYV,2026-05-17T11:56:30Z,89835.38,PKR,card,CAPTURED
PAY700301,JKQSE0,2026-05-17T13:03:32Z,22951.7,PKR,card,CAPTURED
PAY700004,VTMK7H,2026-05-17T13:08:09Z,87241.09,PKR,card,CAPTURED
PAY700405,HULCSH,2026-05-17T14:41:53Z,74141.1,PKR,bank_transfer,CAPTURED
PAY701001,L50MCB,2026-05-17T15:52:39Z,38747.53,PKR,jazzcash,CAPTURED
PAY700513,9M33P2,2026-05-17T18:08:42Z,96112.73,PKR,bank_transfer,CAPTURED
PAY700776,4VBXLC,2026-05-17T18:48:29Z,68228.58,PKR,jazzcash,CAPTURED
PAY700772,9S5LVR,2026-05-17T22:15:32Z,178373.37,PKR,wallet,CAPTURED
PAY700959,6B5GEQ,2026-05-17T23:32:27Z,50226.68,PKR,jazzcash,CAPTURED
PAY700203,MF1ZVC,2026-05-17T23:33:47Z,422224.18,PKR,wallet,FAILED
PAY700204,MF1ZVC,2026-05-18T00:04:47Z,422224.18,PKR,jazzcash,CAPTURED
PAY701019,QA4XHV,2026-05-18T00:05:58Z,40365.92,PKR,card,CAPTURED
PAY700464,U0MJ2H,2026-05-18T00:21:00Z,42726.33,PKR,wallet,CAPTURED
PAY701022,GPXAH7,2026-05-18T01:28:22Z,133048.41,PKR,wallet,CAPTURED
PAY700446,4GYBR6,2026-05-18T02:20:40Z,21726.81,PKR,bank_transfer,FAILED
PAY700447,4GYBR6,2026-05-18T02:28:40Z,21726.81,PKR,card,CAPTURED
PAY700659,8LV2QS,2026-05-18T02:44:55Z,109999.98,PKR,wallet,CAPTURED
PAY700265,M4YVDK,2026-05-18T03:07:14Z,76253.99,PKR,easypaisa,CAPTURED
PAY701042,H3DUU4,2026-05-18T09:17:57Z,166990.51,PKR,wallet,FAILED
PAY701043,H3DUU4,2026-05-18T09:27:57Z,166990.51,PKR,jazzcash,CAPTURED
PAY700477,G0WV9X,2026-05-18T10:03:16Z,156432.1,PKR,wallet,CAPTURED
PAY700713,DDZ5BF,2026-05-18T10:42:56Z,34767.95,PKR,bank_transfer,CAPTURED
PAY700006,H8WMCQ,2026-05-18T15:47:20Z,112418.75,PKR,card,CAPTURED
PAY700807,HDZM72,2026-05-18T15:55:26Z,63128.36,PKR,easypaisa,CAPTURED
PAY700665,NSW6BD,2026-05-18T16:21:54Z,77645.54,PKR,bank_transfer,CAPTURED
PAY700426,FWG3NR,2026-05-18T17:47:18Z,182454.52,PKR,card,CAPTURED
PAY701008,GHF34S,2026-05-18T19:35:29Z,77439.85,PKR,card,CAPTURED
PAY700300,Q7CG12,2026-05-18T21:15:12Z,48486.67,PKR,bank_transfer,CAPTURED
PAY700421,767194,2026-05-18T21:38:38Z,235323.06,PKR,wallet,CAPTURED
PAY700555,RE3GQL,2026-05-19T00:05:06Z,128231.36,PKR,wallet,CAPTURED
PAY700511,RU5KR1,2026-05-19T02:46:10Z,39600.7,PKR,card,CAPTURED
PAY700317,AEVDKY,2026-05-19T04:14:54Z,149186.27,PKR,card,CAPTURED
PAY700661,FBVESH,2026-05-19T05:14:57Z,83012.61,PKR,easypaisa,CAPTURED
PAY701036,NUB02Q,2026-05-19T08:34:55Z,63371.81,PKR,jazzcash,CAPTURED
PAY700283,U8PW4F,2026-05-19T08:50:29Z,78145.82,PKR,jazzcash,CAPTURED
PAY700914,RMF5G2,2026-05-19T11:56:49Z,178188.87,PKR,easypaisa,FAILED
PAY700915,RMF5G2,2026-05-19T12:01:49Z,178188.87,PKR,easypaisa,CAPTURED
PAY701039,TVHKQZ,2026-05-19T13:39:13Z,20027.36,PKR,card,CAPTURED
PAY700897,2C0FUE,2026-05-19T16:24:41Z,100866.92,PKR,card,CAPTURED
PAY700983,UL49CC,2026-05-19T16:52:41Z,109250.88,PKR,bank_transfer,CAPTURED
PAY700882,VFC53G,2026-05-19T19:00:23Z,33804.18,PKR,easypaisa,CAPTURED
PAY700274,KS83WE,2026-05-20T01:09:26Z,41119.54,PKR,easypaisa,CAPTURED
PAY700474,X01HMT,2026-05-20T01:20:26Z,104477.08,PKR,card,CAPTURED
PAY700416,A4XNWC,2026-05-20T01:28:54Z,80398.08,PKR,easypaisa,FAILED
PAY700324,GNNTAP,2026-05-20T01:45:47Z,95067.55,PKR,easypaisa,CAPTURED
PAY700417,A4XNWC,2026-05-20T01:47:54Z,80398.08,PKR,card,CAPTURED
PAY700524,GN7R17,2026-05-20T03:52:23Z,3008.29,AED,card,CAPTURED
PAY700648,S9G5Q8,2026-05-20T07:55:46Z,212761.31,PKR,jazzcash,CAPTURED
PAY700384,4DNGXD,2026-05-20T08:41:11Z,84316.23,PKR,wallet,CAPTURED
PAY701038,8166ZV,2026-05-20T10:45:46Z,47092.19,PKR,card,CAPTURED
PAY700592,9DJAKT,2026-05-20T11:55:26Z,217489.48,PKR,bank_transfer,CAPTURED
PAY701007,HKJD99,2026-05-20T12:09:56Z,230615.25,PKR,jazzcash,CAPTURED
PAY700944,6YGTSF,2026-05-20T13:16:13Z,214663.55,PKR,card,CAPTURED
PAY700089,EBVJTU,2026-05-20T18:02:00Z,100338.24,PKR,bank_transfer,CAPTURED
PAY700902,6AWJRB,2026-05-20T20:11:58Z,200857.15,PKR,bank_transfer,CAPTURED
PAY700482,FK4DE8,2026-05-20T22:27:59Z,55665.65,PKR,wallet,CAPTURED
PAY700502,ZCX0MB,2026-05-20T23:09:41Z,96198.12,PKR,card,CAPTURED
PAY700116,C40GS0,2026-05-21T01:36:30Z,99986.56,PKR,easypaisa,CAPTURED
PAY700872,AMYT1J,2026-05-21T01:39:58Z,69157.56,PKR,wallet,CAPTURED
PAY700041,QLW0LA,2026-05-21T09:55:26Z,286315.8,PKR,jazzcash,CAPTURED
PAY700838,UYQ5VZ,2026-05-21T10:12:21Z,96383.2,PKR,card,CAPTURED
PAY700927,L2MGA9,2026-05-21T10:34:02Z,433.24,USD,bank_transfer,REFUNDED
PAY700220,7Z9NHL,2026-05-21T10:48:44Z,22377.52,PKR,easypaisa,CAPTURED
PAY700201,NE4TFT,2026-05-21T12:15:43Z,353609.23,PKR,jazzcash,CAPTURED
PAY700087,ZYCUKH,2026-05-21T12:43:20Z,99990.06,PKR,card,CAPTURED
PAY700974,PVJ5Z5,2026-05-21T13:55:50Z,104045.3,PKR,bank_transfer,CAPTURED
PAY700645,7NKL8P,2026-05-21T14:56:26Z,206623.52,PKR,wallet,CAPTURED
PAY700606,LN8B80,2026-05-21T21:06:22Z,195458.02,PKR,easypaisa,CAPTURED
PAY700479,DKPY8E,2026-05-21T21:23:49Z,66486.06,PKR,easypaisa,CAPTURED
PAY700778,XNPTR9,2026-05-21T23:33:20Z,22029.66,PKR,wallet,CAPTURED
PAY700395,ABRNLX,2026-05-22T03:29:05Z,185129.96,PKR,card,CAPTURED
PAY700394,ABRNLX,2026-05-22T03:34:05Z,185129.96,PKR,wallet,FAILED
PAY700332,EA752G,2026-05-22T06:08:44Z,67139.27,PKR,easypaisa,CAPTURED
PAY700339,B1J3VC,2026-05-22T11:09:38Z,442196.78,PKR,wallet,CAPTURED
PAY700025,51112C,2026-05-22T13:40:21Z,35389.96,PKR,bank_transfer,FAILED
PAY700026,51112C,2026-05-22T13:58:21Z,35389.96,PKR,bank_transfer,CAPTURED
PAY700389,J4V50R,2026-05-22T14:25:28Z,450000.1,PKR,jazzcash,CAPTURED
PAY701076,UZ9BER,2026-05-22T19:37:22Z,86163.93,PKR,easypaisa,CAPTURED
PAY700763,HHKZ97,2026-05-22T19:41:30Z,319085.98,PKR,card,CAPTURED
PAY700849,J1VUL2,2026-05-23T00:16:47Z,288806.19,PKR,jazzcash,CAPTURED
PAY700438,A1UHH8,2026-05-23T03:10:17Z,108948.94,PKR,wallet,CAPTURED
PAY700034,6HESNS,2026-05-23T04:22:29Z,287694.0,PKR,easypaisa,CAPTURED
PAY700908,5775W3,2026-05-23T05:35:38Z,14988.37,PKR,jazzcash,CAPTURED
PAY700329,LMT62Q,2026-05-23T07:01:52Z,425825.19,PKR,bank_transfer,CAPTURED
PAY700589,2DKP1V,2026-05-23T07:48:54Z,21218.29,PKR,jazzcash,CAPTURED
PAY700038,FPMJ6E,2026-05-23T09:39:33Z,79493.59,PKR,wallet,CAPTURED
PAY700312,GY4M98,2026-05-23T12:00:13Z,19138.67,PKR,jazzcash,CAPTURED
PAY700122,V1XFFX,2026-05-23T19:19:32Z,57204.3,PKR,jazzcash,CAPTURED
PAY700746,VMW4E1,2026-05-23T19:59:31Z,309471.25,PKR,wallet,CAPTURED
PAY700197,X441AZ,2026-05-23T22:59:49Z,195687.82,PKR,easypaisa,CAPTURED
PAY701065,RS4TY5,2026-05-24T01:35:08Z,51664.09,PKR,easypaisa,CAPTURED
PAY700920,L98DKU,2026-05-24T06:55:58Z,1243.46,AED,bank_transfer,FAILED
PAY700921,L98DKU,2026-05-24T07:14:58Z,1243.46,AED,card,CAPTURED
PAY700032,ULV6DG,2026-05-24T07:55:31Z,25417.08,PKR,bank_transfer,REFUNDED
PAY700291,K9LGJ3,2026-05-24T07:58:05Z,77721.43,PKR,wallet,CAPTURED
PAY701049,RD9YPP,2026-05-24T10:08:03Z,34198.16,PKR,easypaisa,CAPTURED
PAY700635,J7E6DC,2026-05-24T10:15:15Z,106360.31,PKR,wallet,CAPTURED
PAY700919,GLPH40,2026-05-24T10:50:53Z,65256.09,PKR,bank_transfer,CAPTURED
PAY700015,2S1KYC,2026-05-24T10:59:07Z,27903.64,PKR,jazzcash,CAPTURED
PAY700796,Q752U5,2026-05-24T13:08:56Z,120208.7,PKR,easypaisa,CAPTURED
PAY700701,486FVX,2026-05-24T13:11:32Z,130182.3,PKR,jazzcash,CAPTURED
PAY700877,WXNZMM,2026-05-24T13:15:17Z,50201.38,PKR,wallet,CAPTURED
PAY700878,WXNZMM,2026-05-24T13:15:42Z,50201.38,PKR,card,CAPTURED
PAY700010,XV8TY6,2026-05-24T16:09:12Z,16481.37,PKR,easypaisa,CAPTURED
PAY700074,U5GNVT,2026-05-24T16:29:59Z,74733.16,PKR,jazzcash,CAPTURED
PAY700651,6029XJ,2026-05-24T16:33:14Z,304584.56,PKR,jazzcash,CAPTURED
PAY700189,A7P1EQ,2026-05-24T17:07:45Z,108647.2,PKR,easypaisa,CAPTURED
PAY701071,REC3NQ,2026-05-24T18:22:11Z,163180.65,PKR,card,CAPTURED
PAY701082,RC868H,2026-05-24T19:13:24Z,150453.73,PKR,bank_transfer,CAPTURED
PAY700707,FQ2345,2026-05-24T19:21:28Z,71305.72,PKR,jazzcash,CAPTURED
PAY700051,WUF260,2026-05-24T23:43:25Z,34171.86,PKR,card,CAPTURED
PAY700360,0TGN1Y,2026-05-25T00:42:40Z,160839.62,PKR,bank_transfer,CAPTURED
PAY700900,WK26Z3,2026-05-25T00:57:25Z,113218.89,PKR,bank_transfer,CAPTURED
PAY701027,V0K9W7,2026-05-25T02:02:48Z,45135.44,PKR,bank_transfer,CAPTURED
PAY700826,CBXTJP,2026-05-25T04:31:16Z,43704.12,PKR,card,CAPTURED
PAY700952,0AFEHQ,2026-05-25T05:02:05Z,82109.71,PKR,jazzcash,CAPTURED
PAY700571,FX3F43,2026-05-25T05:48:56Z,16654.12,PKR,jazzcash,CAPTURED
PAY700691,2AVCS7,2026-05-25T06:56:51Z,231809.06,PKR,easypaisa,FAILED
PAY700692,2AVCS7,2026-05-25T07:13:51Z,231809.06,PKR,wallet,CAPTURED
PAY700549,U5L70U,2026-05-25T07:16:16Z,60686.78,PKR,card,CAPTURED
PAY700382,SHKDUJ,2026-05-25T07:34:51Z,38289.37,PKR,bank_transfer,FAILED
PAY700383,SHKDUJ,2026-05-25T07:45:51Z,38289.37,PKR,easypaisa,CAPTURED
PAY700779,8EDMHU,2026-05-25T13:39:42Z,39612.53,PKR,jazzcash,CAPTURED
PAY700726,TXSF40,2026-05-25T15:56:55Z,58120.38,PKR,wallet,CAPTURED
PAY701070,0VSDLG,2026-05-25T16:04:03Z,48447.88,PKR,bank_transfer,CAPTURED
PAY700133,RDKFN8,2026-05-25T20:48:31Z,180226.74,PKR,easypaisa,CAPTURED
PAY700209,8YU86F,2026-05-25T20:52:43Z,243595.85,PKR,easypaisa,CAPTURED
PAY700598,DEHE5G,2026-05-25T21:23:39Z,94244.3,PKR,wallet,CAPTURED
PAY700507,TEK6FP,2026-05-25T23:31:13Z,68960.14,PKR,wallet,CAPTURED
PAY700519,Z7969M,2026-05-25T23:52:14Z,15380.26,PKR,bank_transfer,REFUNDED
PAY700997,4V88AT,2026-05-26T01:33:45Z,37835.53,PKR,easypaisa,FAILED
PAY700998,4V88AT,2026-05-26T01:41:45Z,37835.53,PKR,bank_transfer,CAPTURED
PAY700071,86R3W3,2026-05-26T02:30:56Z,224352.91,PKR,card,CAPTURED
PAY700043,VP3R7S,2026-05-26T02:55:05Z,60258.26,PKR,wallet,CAPTURED
PAY700620,PRDM98,2026-05-26T05:33:43Z,57473.3,PKR,wallet,FAILED
PAY700621,PRDM98,2026-05-26T05:35:43Z,57473.3,PKR,card,CAPTURED
PAY700560,6029RE,2026-05-26T06:32:21Z,101593.65,PKR,easypaisa,CAPTURED
PAY700260,VME7RA,2026-05-26T07:38:45Z,25496.07,PKR,bank_transfer,CAPTURED
PAY700719,T89JS4,2026-05-26T08:13:58Z,20133.94,PKR,card,CAPTURED
PAY700322,LV4VP6,2026-05-26T09:57:25Z,59925.02,PKR,wallet,CAPTURED
PAY700017,5EYPM5,2026-05-26T12:12:20Z,183421.49,PKR,card,CAPTURED
PAY700016,5EYPM5,2026-05-26T12:15:20Z,183421.49,PKR,easypaisa,FAILED
PAY700218,2NYDZM,2026-05-26T17:27:34Z,16955.43,PKR,card,CAPTURED
PAY700342,G9SFU4,2026-05-26T18:06:19Z,86584.75,PKR,card,CAPTURED
PAY700341,G9SFU4,2026-05-26T18:09:19Z,86584.75,PKR,easypaisa,FAILED
PAY700397,6UKD9T,2026-05-26T18:31:45Z,110018.9,PKR,bank_transfer,CAPTURED
PAY700098,W123GL,2026-05-26T18:57:14Z,45423.55,PKR,card,CAPTURED
PAY700688,L6NG9K,2026-05-26T19:56:42Z,281621.51,PKR,wallet,CAPTURED
PAY700689,L6NG9K,2026-05-26T19:57:26Z,281621.51,PKR,card,CAPTURED
PAY700287,1HPXR6,2026-05-26T20:27:40Z,77784.08,PKR,jazzcash,CAPTURED
PAY700399,LHW1GE,2026-05-26T21:16:55Z,51050.89,PKR,jazzcash,CAPTURED
PAY700136,1U6MWS,2026-05-26T21:17:07Z,1228.31,USD,bank_transfer,CAPTURED
PAY700346,L04AJV,2026-05-26T21:50:58Z,78578.44,PKR,card,CAPTURED
PAY700911,PLU2CD,2026-05-26T21:58:59Z,79662.02,PKR,wallet,CAPTURED
PAY700924,3AEYDS,2026-05-26T22:50:23Z,116273.77,PKR,card,CAPTURED
PAY700643,89KZ9Q,2026-05-27T01:45:39Z,209515.54,PKR,easypaisa,CAPTURED
PAY700356,CKZHNN,2026-05-27T03:55:49Z,188507.51,PKR,wallet,CAPTURED
PAY700475,S0EJA3,2026-05-27T06:27:59Z,1509.37,AED,card,CAPTURED
PAY700787,R0HUTK,2026-05-27T08:23:20Z,48616.45,PKR,bank_transfer,CAPTURED
PAY700910,C6NWCN,2026-05-27T10:19:48Z,33667.56,PKR,wallet,CAPTURED
PAY700966,3CE5S9,2026-05-27T10:27:37Z,331253.68,PKR,jazzcash,CAPTURED
PAY700684,8X5VT9,2026-05-27T12:18:49Z,96927.11,PKR,wallet,FAILED
PAY700685,8X5VT9,2026-05-27T12:33:49Z,96927.11,PKR,bank_transfer,CAPTURED
PAY700729,1ETZYB,2026-05-27T12:38:57Z,141457.81,PKR,bank_transfer,CAPTURED
PAY700909,Q0TN5M,2026-05-27T15:02:27Z,92823.11,PKR,jazzcash,CAPTURED
PAY700280,6JMBFC,2026-05-27T19:54:01Z,322077.79,PKR,bank_transfer,REFUNDED
PAY700103,DSQEPK,2026-05-27T22:22:06Z,1513.22,AED,card,CAPTURED
PAY701056,2WH34B,2026-05-28T00:31:41Z,47195.11,PKR,bank_transfer,REFUNDED
PAY700739,DRZEFW,2026-05-28T02:21:59Z,184648.32,PKR,easypaisa,CAPTURED
PAY700131,WSKWZZ,2026-05-28T02:35:56Z,248390.77,PKR,wallet,CAPTURED
PAY701053,D9W8GC,2026-05-28T04:00:30Z,143971.9,PKR,bank_transfer,CAPTURED
PAY700113,66FJM3,2026-05-28T04:16:57Z,77569.87,PKR,bank_transfer,REFUNDED
PAY700461,QW0UAL,2026-05-28T05:10:40Z,213836.97,PKR,bank_transfer,CAPTURED
PAY700245,LCJVGX,2026-05-28T06:20:26Z,321060.9,PKR,card,CAPTURED
PAY700370,YF499B,2026-05-28T06:56:40Z,17283.1,PKR,bank_transfer,CAPTURED
PAY701079,1H8L46,2026-05-28T08:55:53Z,44686.33,PKR,jazzcash,CAPTURED
PAY700537,7WR28A,2026-05-28T09:12:08Z,67857.02,PKR,wallet,CAPTURED
PAY700730,QCGBFS,2026-05-28T09:57:16Z,80451.9,PKR,bank_transfer,CAPTURED
PAY700349,8LQ8C5,2026-05-28T11:49:34Z,144775.24,PKR,bank_transfer,CAPTURED
PAY700987,JJ72TP,2026-05-28T12:20:52Z,43837.82,PKR,easypaisa,CAPTURED
PAY700964,NE81PB,2026-05-28T14:39:23Z,64080.82,PKR,wallet,CAPTURED
PAY701000,25R23C,2026-05-28T17:09:42Z,189893.24,PKR,easypaisa,CAPTURED
PAY700217,P6YFWA,2026-05-28T21:25:24Z,61772.35,PKR,bank_transfer,CAPTURED
PAY700430,91GSKL,2026-05-28T23:28:57Z,100252.18,PKR,bank_transfer,CAPTURED
PAY700674,11TAZN,2026-05-28T23:59:17Z,275856.4,PKR,wallet,CAPTURED
PAY700856,Q3TGJV,2026-05-29T01:16:25Z,34645.09,PKR,jazzcash,CAPTURED
PAY700599,1CHVU6,2026-05-29T03:51:39Z,109526.49,PKR,bank_transfer,CAPTURED
PAY700514,P56BYX,2026-05-29T04:00:39Z,151646.69,PKR,easypaisa,CAPTURED
PAY700350,5YMPBG,2026-05-29T05:08:30Z,66953.62,PKR,card,CAPTURED
PAY700082,F72BZ9,2026-05-29T05:53:33Z,110000.0,PKR,card,FAILED
PAY700083,F72BZ9,2026-05-29T06:15:33Z,110000.0,PKR,easypaisa,CAPTURED
PAY700677,HY341Y,2026-05-29T09:02:41Z,101779.79,PKR,easypaisa,CAPTURED
PAY701077,9ZS79L,2026-05-29T10:12:48Z,11975.14,PKR,wallet,CAPTURED
PAY700231,03VTZT,2026-05-29T10:13:27Z,44811.61,PKR,wallet,CAPTURED
PAY700970,EUJUJG,2026-05-29T11:48:19Z,92767.73,PKR,jazzcash,CAPTURED
PAY701031,S0GHMR,2026-05-29T12:19:01Z,46859.64,PKR,bank_transfer,CAPTURED
PAY700130,EGBQ6X,2026-05-29T15:52:55Z,252082.75,PKR,card,CAPTURED
PAY700947,EKY2T1,2026-05-29T18:30:58Z,112103.07,PKR,bank_transfer,CAPTURED
PAY700249,SF9FPT,2026-05-29T20:09:01Z,156868.61,PKR,bank_transfer,CAPTURED
PAY700531,70EALF,2026-05-29T20:10:34Z,275891.18,PKR,easypaisa,CAPTURED
PAY700532,70EALF,2026-05-29T20:11:10Z,275891.18,PKR,card,CAPTURED
PAY700845,36UC5A,2026-05-29T21:44:37Z,59593.66,PKR,card,CAPTURED
PAY700642,0VCP6N,2026-05-29T21:54:18Z,17485.05,PKR,jazzcash,CAPTURED
PAY700497,CXREE6,2026-05-30T03:20:04Z,37729.9,PKR,easypaisa,CAPTURED
PAY700039,3PS5QA,2026-05-30T03:34:51Z,97576.03,PKR,card,CAPTURED
PAY700818,7VUZ3A,2026-05-30T03:38:45Z,270079.88,PKR,bank_transfer,REFUNDED
PAY700528,QNZPND,2026-05-30T03:56:48Z,1750.03,AED,jazzcash,CAPTURED
PAY700057,DNLHZT,2026-05-30T05:29:17Z,78528.93,PKR,jazzcash,CAPTURED
PAY700470,SDBCFJ,2026-05-30T07:46:28Z,88012.23,PKR,card,CAPTURED
PAY700410,DHGUL4,2026-05-30T10:57:47Z,49145.57,PKR,bank_transfer,CAPTURED
PAY700290,EKUZ7R,2026-05-30T11:42:51Z,82818.53,PKR,jazzcash,CAPTURED
PAY700819,5ZSDSF,2026-05-30T15:32:12Z,281613.64,PKR,easypaisa,CAPTURED
PAY700935,GCUQWX,2026-05-30T16:34:28Z,64891.14,PKR,easypaisa,CAPTURED
PAY700061,ZL4DJ1,2026-05-30T18:16:36Z,133459.0,PKR,bank_transfer,REFUNDED
PAY700829,KMVHFG,2026-05-30T19:42:32Z,198722.49,PKR,jazzcash,CAPTURED
PAY700471,5CABF0,2026-05-30T20:53:15Z,145995.67,PKR,easypaisa,CAPTURED
PAY700656,N3USLV,2026-05-30T21:43:03Z,120505.71,PKR,wallet,CAPTURED
PAY700708,TEB1EK,2026-05-30T23:20:57Z,318391.5,PKR,bank_transfer,CAPTURED
PAY701078,YVUNQG,2026-05-31T02:22:33Z,104082.59,PKR,easypaisa,CAPTURED
PAY700176,P95RUR,2026-05-31T04:39:27Z,162157.25,PKR,jazzcash,CAPTURED
PAY700284,9US411,2026-05-31T06:35:09Z,82636.18,PKR,easypaisa,CAPTURED
PAY700126,SD9AEQ,2026-05-31T07:45:32Z,140271.29,PKR,easypaisa,CAPTURED
PAY700990,FYS7MT,2026-05-31T09:05:59Z,199514.98,PKR,easypaisa,CAPTURED
PAY700538,LHH3BW,2026-05-31T10:24:37Z,37158.28,PKR,easypaisa,CAPTURED
PAY700791,EGCUPQ,2026-05-31T11:20:24Z,88554.7,PKR,easypaisa,CAPTURED
PAY700790,EGCUPQ,2026-05-31T11:23:24Z,88554.7,PKR,jazzcash,FAILED
PAY700836,8FX08D,2026-05-31T13:53:18Z,72558.67,PKR,wallet,CAPTURED
PAY700837,8FX08D,2026-05-31T13:53:39Z,72558.67,PKR,card,CAPTURED
PAY700075,F87DAB,2026-05-31T14:09:23Z,184532.94,PKR,easypaisa,CAPTURED
PAY700406,HULCSH,2026-05-31T14:34:53Z,74141.1,PKR,bank_transfer,REFUNDED
PAY700733,F44ABJ,2026-05-31T16:56:45Z,62323.21,PKR,jazzcash,CAPTURED
PAY700873,AMYT1J,2026-05-31T18:28:58Z,69157.56,PKR,bank_transfer,REFUNDED
PAY700473,25PRL8,2026-05-31T20:42:31Z,34822.13,PKR,card,CAPTURED
PAY700373,SPCTF4,2026-05-31T21:32:57Z,177478.53,PKR,bank_transfer,FAILED
PAY700374,SPCTF4,2026-05-31T21:44:57Z,177478.53,PKR,card,CAPTURED
PAY700488,FKT15F,2026-06-01T00:48:04Z,83923.17,PKR,card,CAPTURED
PAY700191,MN5CFL,2026-06-01T01:41:02Z,110597.26,PKR,wallet,CAPTURED
PAY700050,Y3LFJJ,2026-06-01T06:04:00Z,136685.34,PKR,wallet,CAPTURED
PAY700809,9AXCUA,2026-06-01T06:36:17Z,197540.12,PKR,jazzcash,CAPTURED
PAY700922,CSGRDJ,2026-06-01T08:54:45Z,92253.64,PKR,easypaisa,CAPTURED
PAY700492,19WZL8,2026-06-01T09:52:47Z,73786.81,PKR,easypaisa,CAPTURED
PAY700802,S86X7Y,2026-06-01T11:23:22Z,267267.16,PKR,wallet,CAPTURED
PAY700803,S86X7Y,2026-06-01T11:23:53Z,267267.16,PKR,card,CAPTURED
PAY700058,202BSE,2026-06-01T12:11:42Z,95643.63,PKR,wallet,CAPTURED
PAY700272,X8GJZU,2026-06-01T15:15:18Z,96747.0,PKR,jazzcash,CAPTURED
PAY700456,6C4EL1,2026-06-01T16:22:57Z,75593.44,PKR,bank_transfer,CAPTURED
PAY700832,BPS2HX,2026-06-01T16:28:45Z,15060.53,PKR,bank_transfer,CAPTURED
PAY701062,5XFMJN,2026-06-01T18:53:21Z,90034.06,PKR,easypaisa,CAPTURED
PAY700276,Q0Q7J6,2026-06-01T21:13:10Z,112781.29,PKR,bank_transfer,CAPTURED
PAY700239,SYC9U9,2026-06-01T22:40:50Z,202425.12,PKR,card,CAPTURED
PAY700869,TW6Y7J,2026-06-01T22:40:59Z,82303.9,PKR,jazzcash,CAPTURED
PAY701052,A7XZX8,2026-06-02T00:14:12Z,1864.83,AED,easypaisa,CAPTURED
PAY700505,HY4AA5,2026-06-02T00:19:12Z,91595.95,PKR,card,CAPTURED
PAY700327,5YSY35,2026-06-02T00:31:07Z,29281.08,PKR,card,CAPTURED
PAY700448,NC0WUL,2026-06-02T00:56:15Z,38059.39,PKR,card,CAPTURED
PAY700702,S92C2Z,2026-06-02T01:26:32Z,23425.56,PKR,bank_transfer,FAILED
PAY700703,S92C2Z,2026-06-02T01:46:32Z,23425.56,PKR,easypaisa,CAPTURED
PAY700246,JWNP6E,2026-06-02T03:15:20Z,71336.98,PKR,jazzcash,CAPTURED
PAY700612,FZ06F7,2026-06-02T05:27:13Z,91926.23,PKR,bank_transfer,FAILED
PAY700613,FZ06F7,2026-06-02T05:47:13Z,91926.23,PKR,card,CAPTURED
PAY700496,Z43Q0S,2026-06-02T07:31:32Z,170531.2,PKR,bank_transfer,REFUNDED
PAY700854,6D4V1Q,2026-06-02T07:39:06Z,117867.97,PKR,easypaisa,CAPTURED
PAY700638,XR09TA,2026-06-02T09:08:24Z,174697.57,PKR,wallet,CAPTURED
PAY700630,94K4X1,2026-06-02T10:00:33Z,232940.44,PKR,jazzcash,FAILED
PAY700631,94K4X1,2026-06-02T10:30:33Z,232940.44,PKR,bank_transfer,CAPTURED
PAY700517,ZKEJYZ,2026-06-02T13:07:42Z,178334.49,PKR,card,CAPTURED
PAY700310,5819M0,2026-06-02T15:15:01Z,26734.1,PKR,bank_transfer,FAILED
PAY700344,XC5ZKL,2026-06-02T15:18:03Z,45236.78,PKR,card,CAPTURED
PAY700857,6WJD9F,2026-06-02T15:18:55Z,162153.3,PKR,wallet,CAPTURED
PAY700539,TGMP4P,2026-06-02T15:30:35Z,128606.95,PKR,bank_transfer,CAPTURED
PAY700311,5819M0,2026-06-02T15:32:01Z,26734.1,PKR,bank_transfer,CAPTURED
PAY700205,ZZ1GTY,2026-06-02T16:40:03Z,159836.4,PKR,card,CAPTURED
PAY700469,861XFF,2026-06-02T18:45:55Z,41906.71,PKR,easypaisa,CAPTURED
PAY700866,4T3T50,2026-06-02T19:32:40Z,369834.96,PKR,bank_transfer,CAPTURED
PAY700258,VQZ0BZ,2026-06-02T21:07:08Z,109248.21,PKR,card,CAPTURED
PAY701054,LE66FZ,2026-06-03T00:35:36Z,104445.87,PKR,jazzcash,CAPTURED
PAY700054,U149CW,2026-06-03T01:27:29Z,50351.25,PKR,easypaisa,CAPTURED
PAY700810,S1F30P,2026-06-03T06:26:16Z,50004.11,PKR,card,CAPTURED
PAY700228,0JAFFF,2026-06-03T08:30:14Z,41008.66,PKR,bank_transfer,CAPTURED
PAY700805,493AJF,2026-06-03T09:22:14Z,59466.65,PKR,easypaisa,CAPTURED
PAY700604,5QC268,2026-06-03T09:23:07Z,220728.48,PKR,bank_transfer,REFUNDED
PAY700556,K1ERS9,2026-06-03T10:48:51Z,28434.12,PKR,wallet,FAILED
PAY700931,Z9J9FJ,2026-06-03T11:03:47Z,13754.4,PKR,wallet,CAPTURED
PAY700557,K1ERS9,2026-06-03T11:08:51Z,28434.12,PKR,bank_transfer,CAPTURED
PAY700693,JSTL35,2026-06-03T13:51:18Z,58254.68,PKR,easypaisa,CAPTURED
PAY700548,77FY6N,2026-06-03T15:12:47Z,153401.85,PKR,jazzcash,CAPTURED
PAY700162,MVD1VF,2026-06-03T19:53:00Z,287245.76,PKR,bank_transfer,REFUNDED
PAY700214,82NZ0B,2026-06-03T23:09:40Z,50288.18,PKR,jazzcash,CAPTURED
PAY700321,39HMNT,2026-06-03T23:25:53Z,44829.22,PKR,easypaisa,CAPTURED
PAY700013,H5Z5R0,2026-06-04T00:32:56Z,60674.41,PKR,bank_transfer,REFUNDED
PAY700550,N64XCS,2026-06-04T01:21:32Z,97669.11,PKR,card,CAPTURED
PAY700769,XNUWE2,2026-06-04T02:25:01Z,357330.11,PKR,bank_transfer,CAPTURED
PAY700221,UWJ8LU,2026-06-04T03:26:06Z,117168.2,PKR,bank_transfer,CAPTURED
PAY700734,QTH5A7,2026-06-04T03:56:08Z,35807.6,PKR,bank_transfer,CAPTURED
PAY700252,5GLSF9,2026-06-04T08:48:20Z,56555.68,PKR,bank_transfer,CAPTURED
PAY700962,YR8TTU,2026-06-04T10:42:14Z,352289.24,PKR,bank_transfer,CAPTURED
PAY701057,5GARS3,2026-06-04T12:14:38Z,108848.47,PKR,wallet,CAPTURED
PAY700683,DFE10R,2026-06-04T12:16:54Z,68587.88,PKR,jazzcash,CAPTURED
PAY700999,VLRT0B,2026-06-04T13:08:07Z,157138.07,PKR,bank_transfer,CAPTURED
PAY700578,UNLS3A,2026-06-04T14:00:47Z,122583.18,PKR,bank_transfer,CAPTURED
PAY700934,JJ1U4G,2026-06-04T14:24:35Z,31078.97,PKR,easypaisa,CAPTURED
PAY701040,QZSBC4,2026-06-04T15:17:57Z,302487.82,PKR,easypaisa,CAPTURED
PAY700263,9WE7LX,2026-06-04T16:09:18Z,177358.09,PKR,card,CAPTURED
PAY701013,GHDUBC,2026-06-04T16:52:52Z,82082.12,PKR,jazzcash,CAPTURED
PAY700238,8T49F6,2026-06-04T18:02:21Z,165723.34,PKR,bank_transfer,CAPTURED
PAY700953,KXNKDN,2026-06-04T18:22:20Z,138900.83,PKR,bank_transfer,CAPTURED
PAY700628,RZJU0T,2026-06-04T22:14:22Z,289604.57,PKR,easypaisa,CAPTURED
PAY700403,JKUHK8,2026-06-04T23:20:04Z,160693.35,PKR,card,CAPTURED
PAY700732,AKALSU,2026-06-05T03:08:27Z,80299.21,PKR,wallet,CAPTURED
PAY700956,595M91,2026-06-05T05:22:37Z,19191.38,PKR,bank_transfer,CAPTURED
PAY701023,KFCQJV,2026-06-05T05:34:16Z,51753.51,PKR,jazzcash,CAPTURED
PAY700893,UFVF8X,2026-06-05T09:10:02Z,88849.96,PKR,bank_transfer,REFUNDED
PAY700468,0N4LGD,2026-06-05T11:18:48Z,399.79,USD,easypaisa,CAPTURED
PAY700227,5LJV8F,2026-06-05T11:56:32Z,86636.71,PKR,card,CAPTURED
PAY700264,Y5TSYW,2026-06-05T14:51:55Z,299761.09,PKR,jazzcash,CAPTURED
PAY700544,L8VRUS,2026-06-05T17:29:36Z,92136.29,PKR,easypaisa,CAPTURED
PAY701074,B5JCH0,2026-06-05T21:21:56Z,97922.33,PKR,bank_transfer,CAPTURED
PAY700697,ATPT68,2026-06-06T01:20:00Z,47482.24,PKR,jazzcash,CAPTURED
PAY700534,PNVZU7,2026-06-06T01:39:31Z,4488.46,AED,easypaisa,FAILED
PAY700535,PNVZU7,2026-06-06T02:08:31Z,4488.46,AED,jazzcash,CAPTURED
PAY700233,K1LV2A,2026-06-06T06:10:39Z,65527.59,PKR,jazzcash,CAPTURED
PAY700234,K1LV2A,2026-06-06T06:11:08Z,65527.59,PKR,card,CAPTURED
PAY700499,FP437S,2026-06-06T08:53:15Z,61132.84,PKR,jazzcash,CAPTURED
PAY700658,3AV9R3,2026-06-06T09:47:07Z,110177.75,PKR,bank_transfer,CAPTURED
PAY700530,J9H8G0,2026-06-06T12:17:03Z,80922.72,PKR,bank_transfer,REFUNDED
PAY700319,623H7U,2026-06-06T14:22:23Z,99256.55,PKR,easypaisa,CAPTURED
PAY700108,GMGGV1,2026-06-06T14:35:01Z,125179.02,PKR,jazzcash,CAPTURED
PAY700994,RUDXTT,2026-06-06T15:08:43Z,86998.83,PKR,easypaisa,CAPTURED
PAY700121,EL1UVY,2026-06-06T15:44:13Z,178855.07,PKR,easypaisa,CAPTURED
PAY700611,1LKUHN,2026-06-06T16:28:48Z,181862.69,PKR,bank_transfer,CAPTURED
PAY700168,2S3NQR,2026-06-06T18:43:32Z,47357.32,PKR,card,CAPTURED
PAY700608,B0RRW9,2026-06-06T19:05:14Z,997.32,AED,wallet,CAPTURED
PAY700609,B0RRW9,2026-06-06T19:05:20Z,997.32,AED,card,CAPTURED
PAY700764,0XH5DD,2026-06-06T20:00:37Z,194414.59,PKR,easypaisa,CAPTURED
PAY700972,0UYFW6,2026-06-06T20:27:30Z,35458.55,PKR,jazzcash,CAPTURED
PAY700876,06S1WK,2026-06-06T22:26:17Z,195501.29,PKR,bank_transfer,CAPTURED
PAY700409,7PJRH0,2026-06-06T23:07:37Z,71888.73,PKR,card,CAPTURED
PAY700782,XC35GM,2026-06-07T04:07:52Z,88640.99,PKR,bank_transfer,CAPTURED
PAY700670,XC5L1Q,2026-06-07T05:28:07Z,69155.66,PKR,bank_transfer,CAPTURED
PAY700368,2R5V6Y,2026-06-07T06:19:37Z,284667.88,PKR,bank_transfer,CAPTURED
PAY700320,D4V730,2026-06-07T08:26:41Z,106092.54,PKR,card,CAPTURED
PAY700285,F6SLRH,2026-06-07T09:32:39Z,418605.8,PKR,jazzcash,CAPTURED
PAY700153,WQS27X,2026-06-07T09:57:12Z,114725.64,PKR,bank_transfer,CAPTURED
PAY700463,GB8J69,2026-06-07T10:38:09Z,161187.71,PKR,wallet,CAPTURED
PAY700156,3MMKRA,2026-06-07T12:19:02Z,3126.54,AED,bank_transfer,CAPTURED
PAY700134,NV3J1G,2026-06-07T13:02:13Z,93205.04,PKR,easypaisa,FAILED
PAY700135,NV3J1G,2026-06-07T13:29:13Z,93205.04,PKR,card,CAPTURED
PAY700799,XZZ9YX,2026-06-07T17:01:56Z,33006.87,PKR,bank_transfer,REFUNDED
PAY701018,A4T4F2,2026-06-07T21:59:25Z,21170.43,PKR,card,CAPTURED
PAY700975,CH6WMM,2026-06-08T00:21:02Z,176052.97,PKR,jazzcash,CAPTURED
PAY700014,64D7Q9,2026-06-08T00:29:51Z,351.97,USD,jazzcash,CAPTURED
PAY700888,SPY74E,2026-06-08T04:33:07Z,115904.53,PKR,bank_transfer,CAPTURED
PAY700293,0GTYWM,2026-06-08T05:51:42Z,116266.05,PKR,jazzcash,CAPTURED
PAY700821,V5WF1N,2026-06-08T07:16:50Z,262317.53,PKR,wallet,CAPTURED
PAY700951,HLR8MV,2026-06-08T08:48:12Z,109235.74,PKR,bank_transfer,CAPTURED
PAY700568,ZX8WP4,2026-06-08T09:53:49Z,87042.17,PKR,jazzcash,CAPTURED
PAY700487,M7L12J,2026-06-08T10:11:43Z,155566.84,PKR,easypaisa,CAPTURED
PAY700605,2BBE1Z,2026-06-08T12:35:07Z,276714.63,PKR,wallet,CAPTURED
PAY700841,ELXVS9,2026-06-08T14:01:07Z,23023.94,PKR,wallet,CAPTURED
PAY700044,VP3R7S,2026-06-08T16:31:05Z,60258.26,PKR,bank_transfer,REFUNDED
PAY701002,DK7BTG,2026-06-08T20:19:41Z,162768.61,PKR,card,CAPTURED
PAY700789,FZP2DX,2026-06-08T20:54:14Z,97263.56,PKR,jazzcash,CAPTURED
PAY700755,863QVP,2026-06-09T00:12:43Z,55769.09,PKR,bank_transfer,CAPTURED
PAY700442,TW9JQ6,2026-06-09T03:33:51Z,89713.25,PKR,jazzcash,FAILED
PAY700443,TW9JQ6,2026-06-09T03:58:51Z,89713.25,PKR,easypaisa,CAPTURED
PAY700270,0BYL0W,2026-06-09T05:17:09Z,112818.6,PKR,bank_transfer,FAILED
PAY700271,0BYL0W,2026-06-09T05:22:09Z,112818.6,PKR,bank_transfer,CAPTURED
PAY700558,3KNUP8,2026-06-09T05:22:20Z,159552.37,PKR,card,CAPTURED
PAY700960,E0TULL,2026-06-09T08:42:18Z,18789.23,PKR,card,CAPTURED
PAY700709,1ZCQ1N,2026-06-09T10:26:58Z,110586.06,PKR,easypaisa,FAILED
PAY700710,1ZCQ1N,2026-06-09T10:54:58Z,110586.06,PKR,easypaisa,CAPTURED
PAY700551,YY02RN,2026-06-09T12:10:13Z,128781.79,PKR,wallet,CAPTURED
PAY701050,QCRUNV,2026-06-09T13:23:36Z,40291.83,PKR,easypaisa,CAPTURED
PAY700777,B8E7JC,2026-06-09T14:09:45Z,177794.21,PKR,card,CAPTURED
PAY700439,A1UHH8,2026-06-09T21:04:17Z,108948.94,PKR,bank_transfer,REFUNDED
PAY700949,T1QD5N,2026-06-09T22:07:55Z,144972.3,PKR,bank_transfer,REFUNDED
PAY700434,3MABH4,2026-06-09T22:12:01Z,77815.12,PKR,easypaisa,CAPTURED
PAY700164,B0H9RJ,2026-06-09T22:46:55Z,85543.11,PKR,jazzcash,CAPTURED
PAY700759,8TLA80,2026-06-10T02:03:04Z,323100.36,PKR,easypaisa,CAPTURED
PAY700424,E8A4LT,2026-06-10T03:28:45Z,37824.41,PKR,bank_transfer,CAPTURED
PAY700584,R7U0VE,2026-06-10T05:29:13Z,58298.29,PKR,card,CAPTURED
PAY700600,1CHVU6,2026-06-10T06:42:39Z,109526.49,PKR,bank_transfer,REFUNDED
PAY700404,D9GYQ7,2026-06-10T06:53:50Z,1504.55,AED,bank_transfer,CAPTURED
PAY700617,U93PT1,2026-06-10T08:32:53Z,113003.8,PKR,easypaisa,CAPTURED
PAY700282,XD3W0Y,2026-06-10T08:35:15Z,282544.35,PKR,card,CAPTURED
PAY700995,8JKNAJ,2026-06-10T09:24:28Z,77935.51,PKR,easypaisa,CAPTURED
PAY700428,43CVMA,2026-06-10T11:27:19Z,57060.36,PKR,bank_transfer,CAPTURED
PAY700891,160JW3,2026-06-10T12:23:54Z,42798.19,PKR,bank_transfer,CAPTURED
PAY700870,2BJZQ7,2026-06-10T12:40:36Z,1805.4,AED,jazzcash,CAPTURED
PAY700881,95BHM8,2026-06-10T13:53:53Z,44186.2,PKR,card,CAPTURED
PAY700880,95BHM8,2026-06-10T14:00:53Z,44186.2,PKR,card,FAILED
PAY700335,9KRN01,2026-06-10T15:03:59Z,202377.21,PKR,jazzcash,CAPTURED
PAY700314,UEDLBJ,2026-06-10T18:09:13Z,77573.39,PKR,bank_transfer,CAPTURED
PAY700331,V4D8N5,2026-06-10T19:07:34Z,66739.46,PKR,card,CAPTURED
PAY700485,WPN1MS,2026-06-10T19:50:32Z,1148.29,AED,wallet,CAPTURED
PAY700107,DJKSWE,2026-06-10T20:23:41Z,379795.39,PKR,card,CAPTURED
PAY700945,SDG1JY,2026-06-10T22:33:23Z,75524.35,PKR,wallet,CAPTURED
PAY700542,YA46H1,2026-06-10T23:41:58Z,73261.68,PKR,easypaisa,CAPTURED
PAY701064,CZAE1T,2026-06-10T23:46:02Z,43703.06,PKR,wallet,CAPTURED
PAY700380,QBSBT2,2026-06-11T01:55:08Z,54310.38,PKR,wallet,CAPTURED
PAY701024,3Q55S7,2026-06-11T04:16:13Z,156397.48,PKR,bank_transfer,CAPTURED
PAY700198,3GKG24,2026-06-11T05:22:23Z,212917.05,PKR,wallet,CAPTURED
PAY700812,SZP1N4,2026-06-11T05:31:29Z,75447.99,PKR,bank_transfer,CAPTURED
PAY700186,WQRZPK,2026-06-11T07:14:23Z,132588.96,PKR,jazzcash,CAPTURED
PAY700194,QEYA2R,2026-06-11T08:32:36Z,138250.6,PKR,bank_transfer,FAILED
PAY700195,QEYA2R,2026-06-11T08:38:36Z,138250.6,PKR,wallet,CAPTURED
PAY700181,2ET94Z,2026-06-11T08:55:21Z,33867.32,PKR,jazzcash,CAPTURED
PAY700646,0YL8SJ,2026-06-11T10:33:20Z,108020.21,PKR,easypaisa,CAPTURED
PAY700704,NQXXHT,2026-06-11T11:54:09Z,151039.26,PKR,easypaisa,CAPTURED
PAY700853,VTVUWY,2026-06-11T14:58:14Z,39305.94,PKR,card,CAPTURED
PAY700967,Z5DYAZ,2026-06-11T16:09:27Z,135973.66,PKR,wallet,CAPTURED
PAY700536,RHBXP0,2026-06-11T17:52:05Z,166262.6,PKR,wallet,CAPTURED
PAY700254,FUL5UM,2026-06-11T18:13:50Z,25470.16,PKR,wallet,CAPTURED
PAY700343,Z0YYBX,2026-06-11T18:30:33Z,102116.29,PKR,wallet,CAPTURED
PAY700184,EZKH75,2026-06-11T18:41:24Z,350517.28,PKR,easypaisa,CAPTURED
PAY700937,PB7NSF,2026-06-11T19:14:36Z,104137.57,PKR,easypaisa,FAILED
PAY700624,WX9GM4,2026-06-11T19:38:14Z,241032.97,PKR,jazzcash,CAPTURED
PAY700938,PB7NSF,2026-06-11T19:42:36Z,104137.57,PKR,card,CAPTURED
PAY700042,QLW0LA,2026-06-11T21:22:26Z,286315.8,PKR,bank_transfer,REFUNDED
PAY700639,J36FME,2026-06-12T00:11:32Z,139361.51,PKR,jazzcash,CAPTURED
PAY700590,NHA8A3,2026-06-12T01:52:47Z,256122.83,PKR,card,CAPTURED
PAY700698,MH7REF,2026-06-12T03:49:45Z,74668.32,PKR,easypaisa,CAPTURED
PAY700125,HMHU96,2026-06-12T03:52:54Z,398318.88,PKR,jazzcash,CAPTURED
PAY700104,FXRB2Q,2026-06-12T04:35:29Z,158129.9,PKR,card,CAPTURED
PAY700366,BKRDE9,2026-06-12T06:31:14Z,46839.8,PKR,wallet,CAPTURED
PAY700673,87YCE4,2026-06-12T08:15:05Z,162060.37,PKR,easypaisa,CAPTURED
PAY701034,2BUP67,2026-06-12T08:48:00Z,24319.42,PKR,card,CAPTURED
PAY700850,UEJPCP,2026-06-12T09:06:41Z,175165.51,PKR,jazzcash,CAPTURED
PAY700742,PLKSPH,2026-06-12T11:21:22Z,2206.54,AED,bank_transfer,CAPTURED
PAY700575,9F9Y2T,2026-06-12T12:41:59Z,189848.68,PKR,bank_transfer,FAILED
PAY700576,9F9Y2T,2026-06-12T12:51:59Z,189848.68,PKR,wallet,CAPTURED
PAY700795,XDS7R4,2026-06-12T13:34:49Z,83730.03,PKR,jazzcash,CAPTURED
PAY701075,G8PJQ1,2026-06-12T14:43:40Z,159320.31,PKR,card,CAPTURED
PAY700545,L8VRUS,2026-06-12T16:55:36Z,92136.29,PKR,bank_transfer,REFUNDED
PAY700586,LFF5PD,2026-06-12T17:51:48Z,60025.94,PKR,bank_transfer,REFUNDED
PAY700736,00H0P0,2026-06-12T18:56:53Z,102676.54,PKR,card,CAPTURED
PAY700111,K0G6CQ,2026-06-12T20:05:47Z,82586.72,PKR,card,CAPTURED
PAY700839,B3G5BS,2026-06-12T20:23:02Z,165620.0,PKR,wallet,CAPTURED
PAY700750,Z531VX,2026-06-12T21:04:28Z,99092.04,PKR,wallet,FAILED
PAY700751,Z531VX,2026-06-12T21:07:28Z,99092.04,PKR,card,CAPTURED
PAY700752,3RRTFG,2026-06-12T22:38:18Z,20731.66,PKR,easypaisa,CAPTURED
PAY700167,WTZB55,2026-06-13T02:32:04Z,371.6,AED,bank_transfer,CAPTURED
PAY700671,8XSVNL,2026-06-13T04:53:52Z,58294.72,PKR,jazzcash,CAPTURED
PAY700128,DPW4PM,2026-06-13T06:08:25Z,41899.58,PKR,jazzcash,CAPTURED
PAY700225,AMCDQZ,2026-06-13T06:09:42Z,96911.95,PKR,jazzcash,CAPTURED
PAY700662,TY3QHA,2026-06-13T07:27:36Z,26299.09,PKR,card,CAPTURED
PAY700958,BEMZGS,2026-06-13T07:37:20Z,93985.74,PKR,bank_transfer,REFUNDED
PAY700985,2PQRYC,2026-06-13T09:58:19Z,106319.43,PKR,jazzcash,CAPTURED
PAY700387,TZ5MUA,2026-06-13T17:32:52Z,78828.23,PKR,easypaisa,FAILED
PAY700824,Z86NLK,2026-06-13T17:50:58Z,3565.01,AED,easypaisa,CAPTURED
PAY700388,TZ5MUA,2026-06-13T17:57:52Z,78828.23,PKR,easypaisa,CAPTURED
PAY700115,SHHVJ3,2026-06-13T19:42:27Z,436668.83,PKR,bank_transfer,REFUNDED
PAY700976,2YWU45,2026-06-13T20:47:14Z,321967.75,PKR,card,CAPTURED
PAY700678,6CU7BK,2026-06-13T22:27:20Z,100486.65,PKR,jazzcash,CAPTURED
PAY700199,477NVX,2026-06-13T23:20:40Z,166269.29,PKR,jazzcash,CAPTURED
PAY701004,958ZCX,2026-06-14T01:02:50Z,33110.74,PKR,easypaisa,FAILED
PAY701005,958ZCX,2026-06-14T01:33:50Z,33110.74,PKR,bank_transfer,CAPTURED
PAY701073,WDKTCV,2026-06-14T02:18:23Z,40857.62,PKR,wallet,CAPTURED
PAY700905,6XALX0,2026-06-14T03:52:38Z,369691.19,PKR,wallet,CAPTURED
PAY701044,3RXY1Z,2026-06-14T04:08:02Z,44033.5,PKR,bank_transfer,CAPTURED
PAY700833,0PA7TV,2026-06-14T06:31:35Z,14600.37,PKR,jazzcash,FAILED
PAY700072,MJW8QB,2026-06-14T06:35:35Z,180491.46,PKR,jazzcash,CAPTURED
PAY700834,0PA7TV,2026-06-14T06:52:35Z,14600.37,PKR,bank_transfer,CAPTURED
PAY700096,ZLPRVZ,2026-06-14T07:23:32Z,118154.68,PKR,bank_transfer,CAPTURED
PAY700369,H5NTND,2026-06-14T09:38:42Z,43009.93,PKR,easypaisa,CAPTURED
PAY701015,DY7N9N,2026-06-14T10:30:20Z,57369.85,PKR,wallet,CAPTURED
PAY700202,NE4TFT,2026-06-14T11:47:43Z,353609.23,PKR,bank_transfer,REFUNDED
PAY700240,SYC9U9,2026-06-14T12:36:50Z,202425.12,PKR,bank_transfer,REFUNDED
PAY700253,5LYP7Q,2026-06-14T12:39:13Z,208279.75,PKR,jazzcash,CAPTURED
PAY700653,5TQQTW,2026-06-14T12:52:40Z,333875.01,PKR,bank_transfer,CAPTURED
PAY700813,Z0QE04,2026-06-14T16:29:09Z,111720.32,PKR,jazzcash,CAPTURED
PAY701045,98RCWD,2026-06-14T17:01:50Z,116971.12,PKR,jazzcash,CAPTURED
PAY700587,NX1HCU,2026-06-14T17:43:44Z,17729.01,PKR,wallet,CAPTURED
PAY700400,FS7CDV,2026-06-14T17:47:50Z,109648.59,PKR,card,CAPTURED
PAY700595,2YLZCF,2026-06-14T18:48:22Z,75400.29,PKR,easypaisa,CAPTURED
PAY700207,YCFUY1,2026-06-14T20:14:13Z,213975.1,PKR,bank_transfer,REFUNDED
PAY700376,8A35NZ,2026-06-14T21:24:57Z,69361.59,PKR,wallet,CAPTURED
PAY700501,23VSAV,2026-06-14T23:13:38Z,65806.27,PKR,bank_transfer,REFUNDED
PAY700636,CJVXZ4,2026-06-14T23:30:30Z,323724.03,PKR,bank_transfer,CAPTURED
PAY700105,1EPUG6,2026-06-14T23:40:16Z,16213.62,PKR,wallet,CAPTURED
PAY700174,M3H4JH,2026-06-15T00:45:32Z,293026.51,PKR,easypaisa,FAILED
PAY700175,M3H4JH,2026-06-15T00:48:32Z,293026.51,PKR,easypaisa,CAPTURED
PAY700453,JRKGKZ,2026-06-15T00:49:08Z,121001.87,PKR,wallet,FAILED
PAY700454,JRKGKZ,2026-06-15T00:57:08Z,121001.87,PKR,jazzcash,CAPTURED
PAY700018,AXBDQZ,2026-06-15T03:22:27Z,551799.28,PKR,bank_transfer,CAPTURED
PAY700941,ZLVM2S,2026-06-15T03:32:16Z,1485.01,AED,wallet,CAPTURED
PAY700865,8T4ZLZ,2026-06-15T04:24:04Z,315478.53,PKR,bank_transfer,CAPTURED
PAY700762,NC2V3L,2026-06-15T05:35:11Z,393327.28,PKR,easypaisa,CAPTURED
PAY700237,5T5U47,2026-06-15T06:28:21Z,17480.37,PKR,bank_transfer,CAPTURED
PAY700169,GPQP64,2026-06-15T07:39:14Z,49692.9,PKR,easypaisa,CAPTURED
PAY700359,9307AX,2026-06-15T11:44:01Z,1477.0,AED,bank_transfer,REFUNDED
PAY701003,AM173Z,2026-06-15T12:54:23Z,105126.02,PKR,bank_transfer,CAPTURED
PAY700259,X1XDRW,2026-06-15T14:11:26Z,151650.56,PKR,card,CAPTURED
PAY700783,HXCB3W,2026-06-15T14:48:52Z,1625.47,AED,easypaisa,CAPTURED
PAY700946,E7AVQJ,2026-06-15T15:04:43Z,200398.04,PKR,easypaisa,CAPTURED
PAY700066,K3U4DK,2026-06-15T15:20:03Z,88807.85,PKR,easypaisa,CAPTURED
PAY700743,1X46Y2,2026-06-15T15:31:25Z,47127.07,PKR,easypaisa,CAPTURED
PAY701085,DJ4LD9,2026-06-15T17:20:02Z,161225.9,PKR,easypaisa,CAPTURED
PAY700036,52HM5Q,2026-06-15T17:55:51Z,75494.05,PKR,jazzcash,CAPTURED
PAY700825,YQ8FHC,2026-06-15T21:14:03Z,39557.22,PKR,wallet,CAPTURED
PAY700095,3HHDS9,2026-06-15T23:05:48Z,97623.19,PKR,card,CAPTURED
PAY700455,D7202A,2026-06-15T23:35:11Z,62221.19,PKR,easypaisa,CAPTURED
PAY700023,LWGYA0,2026-06-16T01:22:14Z,22810.75,PKR,card,FAILED
PAY700024,LWGYA0,2026-06-16T01:46:14Z,22810.75,PKR,card,CAPTURED
PAY700185,BSFCYX,2026-06-16T02:47:10Z,102316.74,PKR,easypaisa,CAPTURED
PAY700760,LAECMB,2026-06-16T03:18:49Z,28861.1,PKR,jazzcash,CAPTURED
PAY700216,M1W4EE,2026-06-16T06:54:21Z,3106.07,AED,jazzcash,CAPTURED
PAY700731,0LL2P5,2026-06-16T12:52:06Z,1448.5,AED,wallet,CAPTURED
PAY700923,VB9QXB,2026-06-16T12:52:51Z,107818.14,PKR,jazzcash,CAPTURED
PAY701033,H3WEDF,2026-06-16T14:04:28Z,58772.7,PKR,jazzcash,CAPTURED
PAY701066,K7QGCV,2026-06-16T14:43:01Z,59368.7,PKR,card,CAPTURED
PAY700835,0PA7TV,2026-06-16T17:27:35Z,14600.37,PKR,bank_transfer,REFUNDED
PAY700450,B45D2X,2026-06-16T18:52:54Z,48409.14,PKR,bank_transfer,CAPTURED
PAY700451,B45D2X,2026-06-16T18:53:03Z,48409.14,PKR,card,CAPTURED
PAY700883,G9CQH7,2026-06-16T19:13:52Z,118751.44,PKR,jazzcash,CAPTURED
PAY700727,S7GXRP,2026-06-16T20:32:47Z,18245.94,PKR,easypaisa,CAPTURED
PAY700753,W7EYWG,2026-06-16T21:14:55Z,392619.68,PKR,card,FAILED
PAY700754,W7EYWG,2026-06-16T21:47:55Z,392619.68,PKR,bank_transfer,CAPTURED
PAY700607,F7YLAK,2026-06-16T23:11:59Z,28605.82,PKR,jazzcash,CAPTURED
PAY700302,ARPPEL,2026-06-16T23:39:19Z,79146.61,PKR,wallet,CAPTURED
PAY700132,WSKWZZ,2026-06-17T00:11:56Z,248390.77,PKR,bank_transfer,REFUNDED
PAY700208,HYYC4H,2026-06-17T02:37:29Z,46056.49,PKR,easypaisa,CAPTURED
PAY700699,XUED8Z,2026-06-17T03:25:40Z,410277.22,PKR,card,FAILED
PAY700700,XUED8Z,2026-06-17T03:33:40Z,410277.22,PKR,wallet,CAPTURED
PAY700566,DWDPKY,2026-06-17T03:49:05Z,214876.89,PKR,jazzcash,CAPTURED
PAY700001,TF7HDT,2026-06-17T05:21:42Z,14666.69,PKR,bank_transfer,CAPTURED
PAY701058,PE39M7,2026-06-17T13:52:45Z,104020.09,PKR,jazzcash,CAPTURED
PAY700177,7JVX2M,2026-06-17T16:21:38Z,2277.6,AED,bank_transfer,FAILED
PAY700178,7JVX2M,2026-06-17T16:32:38Z,2277.6,AED,easypaisa,CAPTURED
PAY700088,B5RFEF,2026-06-17T17:27:50Z,169406.26,PKR,wallet,CAPTURED
PAY701067,AQPP8T,2026-06-17T17:35:34Z,81654.37,PKR,card,CAPTURED
PAY700667,D0CF0V,2026-06-17T20:30:11Z,117122.92,PKR,bank_transfer,REFUNDED
PAY700415,G94V3F,2026-06-17T20:50:43Z,386783.59,PKR,card,CAPTURED
PAY700842,ED7SZ6,2026-06-17T23:25:39Z,68169.19,PKR,jazzcash,CAPTURED
PAY700705,D509X5,2026-06-17T23:51:27Z,87323.95,PKR,jazzcash,FAILED
PAY700706,D509X5,2026-06-17T23:59:27Z,87323.95,PKR,bank_transfer,CAPTURED
PAY700570,RK5WVG,2026-06-18T01:00:20Z,48753.11,PKR,wallet,CAPTURED
PAY700580,SZQFTN,2026-06-18T01:08:42Z,32812.2,PKR,jazzcash,FAILED
PAY700581,SZQFTN,2026-06-18T01:13:42Z,32812.2,PKR,easypaisa,CAPTURED
PAY700961,MZQ0RP,2026-06-18T01:40:33Z,198459.34,PKR,card,CAPTURED
PAY700241,YCB9AJ,2026-06-18T01:59:58Z,105970.81,PKR,bank_transfer,CAPTURED
PAY700011,BQ6NAH,2026-06-18T02:10:45Z,33643.84,PKR,jazzcash,CAPTURED
PAY700894,YCZQE8,2026-06-18T02:19:46Z,80252.25,PKR,card,CAPTURED
PAY700414,ACX7JQ,2026-06-18T03:00:41Z,93812.85,PKR,wallet,CAPTURED
PAY700622,PRDM98,2026-06-18T04:27:43Z,57473.3,PKR,bank_transfer,REFUNDED
PAY700080,G2FAGL,2026-06-18T05:44:56Z,210357.36,PKR,bank_transfer,CAPTURED
PAY700166,3BMF1A,2026-06-18T06:54:23Z,50039.73,PKR,bank_transfer,REFUNDED
PAY700682,WHGUU6,2026-06-18T07:30:55Z,223648.48,PKR,wallet,CAPTURED
PAY701081,SW0AQF,2026-06-18T09:15:46Z,50485.76,PKR,bank_transfer,CAPTURED
PAY700242,5PP8J9,2026-06-18T11:25:51Z,97158.83,PKR,wallet,CAPTURED
PAY700062,FCC2XJ,2026-06-18T12:45:13Z,139248.37,PKR,card,FAILED
PAY700063,FCC2XJ,2026-06-18T13:13:13Z,139248.37,PKR,card,CAPTURED
PAY701010,J9DRMM,2026-06-18T13:35:18Z,57167.76,PKR,easypaisa,CAPTURED
PAY701083,LQ8W9H,2026-06-18T13:44:25Z,53095.04,PKR,easypaisa,CAPTURED
PAY700338,XE4L6Y,2026-06-18T17:19:31Z,511.1,AED,easypaisa,CAPTURED
PAY700851,PSBST1,2026-06-18T20:03:19Z,96143.44,PKR,wallet,CAPTURED
PAY700936,75EU22,2026-06-18T20:28:29Z,184657.78,PKR,card,CAPTURED
PAY700412,4F44DM,2026-06-18T22:47:03Z,111628.81,PKR,easypaisa,FAILED
PAY700413,4F44DM,2026-06-18T23:10:03Z,111628.81,PKR,easypaisa,CAPTURED
PAY700462,HVK5CX,2026-06-18T23:44:42Z,90046.37,PKR,card,CAPTURED
PAY700748,UYNLUE,2026-06-19T01:01:35Z,21942.91,PKR,bank_transfer,REFUNDED
PAY700007,B3DWGZ,2026-06-19T03:55:42Z,55840.05,PKR,bank_transfer,CAPTURED
PAY700490,K2C6XN,2026-06-19T05:08:18Z,73026.43,PKR,jazzcash,CAPTURED
PAY700890,0Y8KJC,2026-06-19T06:17:30Z,50402.07,PKR,bank_transfer,CAPTURED
PAY700504,QQPPB4,2026-06-19T08:13:07Z,82420.01,PKR,bank_transfer,CAPTURED
PAY700033,Q5BY3Z,2026-06-19T08:19:10Z,47516.31,PKR,bank_transfer,CAPTURED
PAY700616,693RQL,2026-06-19T10:18:14Z,30361.29,PKR,easypaisa,CAPTURED
PAY700476,W8KPJS,2026-06-19T13:05:52Z,137471.06,PKR,jazzcash,CAPTURED
PAY700644,89KZ9Q,2026-06-19T17:13:39Z,209515.54,PKR,bank_transfer,REFUNDED
PAY700917,UXLW14,2026-06-19T17:50:00Z,177095.52,PKR,wallet,CAPTURED
PAY700244,WW6WU6,2026-06-19T19:51:59Z,34756.03,PKR,jazzcash,CAPTURED
PAY701032,53LSDP,2026-06-19T20:15:42Z,446754.33,PKR,wallet,CAPTURED
PAY700725,3H41K0,2026-06-19T21:17:58Z,119203.12,PKR,easypaisa,CAPTURED
PAY700741,D8LQC0,2026-06-20T00:50:29Z,59258.79,PKR,jazzcash,CAPTURED
PAY700251,42LVRN,2026-06-20T01:31:09Z,21362.48,PKR,easypaisa,CAPTURED
PAY700516,1EJLTP,2026-06-20T04:32:23Z,31415.17,PKR,jazzcash,CAPTURED
PAY700793,QSPEX2,2026-06-20T04:59:43Z,30730.79,PKR,wallet,CAPTURED
PAY700407,58S3JT,2026-06-20T10:49:10Z,14706.68,PKR,jazzcash,CAPTURED
PAY700913,JJGRX6,2026-06-20T11:50:43Z,110023.67,PKR,bank_transfer,REFUNDED
PAY700712,3B5XQU,2026-06-20T12:09:20Z,134638.84,PKR,card,CAPTURED
PAY700457,SWCFY3,2026-06-20T12:21:38Z,98487.57,PKR,jazzcash,CAPTURED
PAY700968,6W9SS2,2026-06-20T12:50:50Z,80413.87,PKR,wallet,CAPTURED
PAY701069,ZL0WL8,2026-06-20T12:53:01Z,168195.47,PKR,bank_transfer,CAPTURED
PAY700138,N5CUK9,2026-06-20T15:13:17Z,144422.52,PKR,easypaisa,CAPTURED
PAY701086,JEV3QL,2026-06-20T15:30:10Z,22201.93,PKR,card,CAPTURED
PAY700498,7FUBGF,2026-06-20T21:11:48Z,89509.95,PKR,jazzcash,CAPTURED
PAY700546,ECMSP7,2026-06-20T23:58:24Z,27012.55,PKR,bank_transfer,CAPTURED
PAY701048,UDC434,2026-06-21T01:12:49Z,185634.07,PKR,card,CAPTURED
PAY700770,H0GGWA,2026-06-21T03:08:37Z,54886.86,PKR,bank_transfer,CAPTURED
PAY700215,J0R0Z0,2026-06-21T04:15:47Z,66786.51,PKR,easypaisa,CAPTURED
PAY700632,94K4X1,2026-06-21T04:52:33Z,232940.44,PKR,bank_transfer,REFUNDED
PAY700848,D8XJ7G,2026-06-21T06:05:51Z,366055.17,PKR,card,CAPTURED
PAY700127,SD9AEQ,2026-06-21T06:32:32Z,140271.29,PKR,bank_transfer,REFUNDED
PAY700472,AXTCYL,2026-06-21T08:03:05Z,117528.71,PKR,jazzcash,CAPTURED
PAY700309,D1AJXU,2026-06-21T09:47:30Z,90835.87,PKR,easypaisa,CAPTURED
PAY700928,ZPWSJ1,2026-06-21T09:55:14Z,86907.72,PKR,bank_transfer,FAILED
PAY700422,41ZBG6,2026-06-21T09:58:18Z,129999.69,PKR,jazzcash,FAILED
PAY700929,ZPWSJ1,2026-06-21T10:12:14Z,86907.72,PKR,bank_transfer,CAPTURED
PAY700423,41ZBG6,2026-06-21T10:24:18Z,129999.69,PKR,bank_transfer,CAPTURED
PAY700687,6QJ49H,2026-06-21T11:00:19Z,193865.47,PKR,bank_transfer,CAPTURED
PAY701026,WE8W3L,2026-06-21T13:22:06Z,95824.79,PKR,bank_transfer,CAPTURED
PAY700515,SLAM05,2026-06-21T13:39:23Z,74765.89,PKR,easypaisa,CAPTURED
PAY700120,DLFJRZ,2026-06-21T14:34:58Z,312594.21,PKR,bank_transfer,CAPTURED
PAY700932,31WRDH,2026-06-21T15:53:37Z,449967.71,PKR,wallet,CAPTURED
PAY700144,HK2P5S,2026-06-21T17:10:06Z,42260.86,PKR,easypaisa,CAPTURED
PAY700844,BE448P,2026-06-21T17:57:50Z,456.7,USD,wallet,CAPTURED
PAY700525,KYHHUN,2026-06-21T19:13:12Z,108793.58,PKR,card,CAPTURED
PAY700765,EG6UZV,2026-06-21T19:28:28Z,184648.57,PKR,bank_transfer,CAPTURED
PAY700978,9QZ9DX,2026-06-21T21:06:11Z,75753.09,PKR,card,CAPTURED
PAY700008,V9DFSU,2026-06-21T23:10:32Z,37238.75,PKR,wallet,FAILED
PAY700009,V9DFSU,2026-06-21T23:37:32Z,37238.75,PKR,wallet,CAPTURED
PAY700904,KGG7U9,2026-06-22T01:02:39Z,222276.48,PKR,card,CAPTURED
PAY700771,BSTRS9,2026-06-22T03:36:17Z,51653.34,PKR,card,CAPTURED
PAY700078,FFZJ86,2026-06-22T04:11:10Z,48112.65,PKR,jazzcash,CAPTURED
PAY700896,3WEKWK,2026-06-22T05:29:29Z,62927.46,PKR,wallet,CAPTURED
PAY700155,D80L5Y,2026-06-22T05:47:38Z,148579.14,PKR,wallet,CAPTURED
PAY700432,WUAUPN,2026-06-22T11:41:18Z,28506.09,PKR,jazzcash,CAPTURED
PAY700916,KW579L,2026-06-22T12:54:32Z,5718.51,AED,card,CAPTURED
PAY700569,ZX8WP4,2026-06-22T13:27:49Z,87042.17,PKR,bank_transfer,REFUNDED
PAY700971,11V8AN,2026-06-22T13:56:50Z,58662.1,PKR,easypaisa,CAPTURED
PAY700552,XR7K70,2026-06-22T16:29:05Z,220158.5,PKR,easypaisa,FAILED
PAY700852,NBW519,2026-06-22T16:55:48Z,154169.88,PKR,jazzcash,CAPTURED
PAY700553,XR7K70,2026-06-22T17:00:05Z,220158.5,PKR,easypaisa,CAPTURED
PAY700385,66RWC3,2026-06-22T17:37:23Z,151659.82,PKR,bank_transfer,CAPTURED
PAY700756,N0DTS4,2026-06-22T18:55:28Z,58444.83,PKR,jazzcash,CAPTURED
PAY700236,Y4850V,2026-06-22T21:19:59Z,302950.35,PKR,easypaisa,CAPTURED
PAY700418,A4XNWC,2026-06-22T23:26:54Z,80398.08,PKR,bank_transfer,REFUNDED
PAY700357,3UB7QD,2026-06-23T00:47:44Z,73247.55,PKR,bank_transfer,CAPTURED
PAY700954,56RGAV,2026-06-23T02:01:18Z,62483.48,PKR,wallet,CAPTURED
PAY700200,RPCKHQ,2026-06-23T05:08:54Z,273981.09,PKR,jazzcash,CAPTURED
PAY700840,5WHPHW,2026-06-23T07:48:06Z,149229.56,PKR,wallet,CAPTURED
PAY701037,NUB02Q,2026-06-23T11:01:55Z,63371.81,PKR,bank_transfer,REFUNDED
PAY700143,1D0HL5,2026-06-23T11:17:30Z,37709.95,PKR,bank_transfer,CAPTURED
PAY700614,UHCS5Y,2026-06-23T12:24:44Z,54545.51,PKR,jazzcash,CAPTURED
PAY700308,VU7DYN,2026-06-23T12:57:15Z,108952.17,PKR,bank_transfer,REFUNDED
PAY700561,29LSDM,2026-06-23T14:15:35Z,23087.19,PKR,bank_transfer,CAPTURED
PAY700901,ZBQFJP,2026-06-23T15:43:50Z,293297.42,PKR,wallet,CAPTURED
PAY700298,0FNX8S,2026-06-23T15:54:20Z,68097.36,PKR,wallet,CAPTURED
PAY700565,RXLLBV,2026-06-23T18:15:27Z,31616.93,PKR,jazzcash,CAPTURED
PAY700313,62VGM5,2026-06-23T18:29:50Z,40072.46,PKR,card,CAPTURED
PAY700318,AEVDKY,2026-06-23T20:57:54Z,149186.27,PKR,bank_transfer,REFUNDED
PAY700257,K31NAL,2026-06-23T23:36:33Z,158672.96,PKR,wallet,CAPTURED
PAY700084,W5376V,2026-06-24T04:28:56Z,323749.64,PKR,card,CAPTURED
PAY700861,2EREC1,2026-06-24T04:43:21Z,186097.51,PKR,bank_transfer,REFUNDED
PAY700887,4ARXDC,2026-06-24T07:09:09Z,464091.44,PKR,jazzcash,CAPTURED
PAY700721,7DZ18S,2026-06-24T08:23:29Z,84208.47,PKR,easypaisa,FAILED
PAY700722,7DZ18S,2026-06-24T08:55:29Z,84208.47,PKR,easypaisa,CAPTURED
PAY700655,ZDZGFN,2026-06-24T11:46:02Z,38500.48,PKR,bank_transfer,REFUNDED
PAY700027,EK349L,2026-06-24T15:21:49Z,75928.12,PKR,jazzcash,CAPTURED
PAY700460,10T1Q9,2026-06-24T15:23:25Z,238728.7,PKR,easypaisa,CAPTURED
PAY700315,UXY51C,2026-06-24T16:51:59Z,86517.9,PKR,easypaisa,CAPTURED
PAY700351,NK87KZ,2026-06-24T18:53:18Z,63871.39,PKR,bank_transfer,CAPTURED
PAY700158,5DRCLH,2026-06-24T19:20:02Z,45898.78,PKR,wallet,CAPTURED
PAY700827,1HWQHQ,2026-06-24T22:02:17Z,167899.11,PKR,jazzcash,CAPTURED
PAY700296,TDJDAL,2026-06-25T03:16:03Z,245749.73,PKR,easypaisa,CAPTURED
PAY701080,4W6V6M,2026-06-25T04:29:11Z,19814.49,PKR,bank_transfer,CAPTURED
PAY700627,4T6ZZ9,2026-06-25T07:04:23Z,120983.33,PKR,bank_transfer,REFUNDED
PAY700146,KHDJ1X,2026-06-25T07:55:24Z,143770.1,PKR,bank_transfer,CAPTURED
PAY700170,3N3TWH,2026-06-25T08:31:25Z,94434.19,PKR,bank_transfer,FAILED
PAY700171,3N3TWH,2026-06-25T08:52:25Z,94434.19,PKR,jazzcash,CAPTURED
PAY700767,Q19343,2026-06-25T10:27:46Z,94628.67,PKR,card,CAPTURED
PAY700157,D3NYRT,2026-06-25T15:44:53Z,335297.2,PKR,easypaisa,CAPTURED
PAY700067,CGYH23,2026-06-25T15:49:24Z,106706.86,PKR,card,CAPTURED
PAY700069,2AUSXG,2026-06-25T19:23:16Z,66041.57,PKR,bank_transfer,CAPTURED
PAY700235,95TQSE,2026-06-25T21:38:43Z,40486.99,PKR,wallet,CAPTURED
PAY700864,EVUEQ1,2026-06-25T22:50:20Z,165107.65,PKR,bank_transfer,REFUNDED
PAY700002,YC3FAC,2026-06-25T23:38:26Z,39228.75,PKR,easypaisa,CAPTURED
PAY700669,186EP8,2026-06-26T03:29:12Z,97474.55,PKR,easypaisa,CAPTURED
PAY700979,K87NWN,2026-06-26T04:08:49Z,62286.73,PKR,wallet,CAPTURED
PAY700419,X1H8TG,2026-06-26T06:13:12Z,137999.61,PKR,bank_transfer,CAPTURED
PAY700081,RJK774,2026-06-26T06:30:05Z,83915.14,PKR,jazzcash,CAPTURED
PAY700808,HDZM72,2026-06-26T07:35:26Z,63128.36,PKR,bank_transfer,REFUNDED
PAY700288,31V543,2026-06-26T09:58:15Z,135456.13,PKR,jazzcash,CAPTURED
PAY700625,X8S7DE,2026-06-26T10:10:01Z,63300.81,PKR,card,CAPTURED
PAY700076,7Q3Q1E,2026-06-26T10:34:03Z,440593.67,PKR,jazzcash,CAPTURED
PAY701084,BSCQ6G,2026-06-26T13:07:34Z,27878.22,PKR,card,CAPTURED
PAY700744,VCB95X,2026-06-26T15:45:48Z,121249.96,PKR,wallet,CAPTURED
PAY700145,4EDWV7,2026-06-26T18:00:56Z,92787.41,PKR,bank_transfer,CAPTURED
PAY700371,A73HTM,2026-06-26T22:52:41Z,73335.2,PKR,bank_transfer,CAPTURED
PAY701011,QES6ZJ,2026-06-27T01:55:00Z,313480.34,PKR,wallet,CAPTURED
PAY700431,DUJT2X,2026-06-27T03:09:16Z,252164.78,PKR,card,CAPTURED
PAY700452,B45D2X,2026-06-27T04:42:54Z,48409.14,PKR,bank_transfer,REFUNDED
PAY700899,GFPGZ9,2026-06-27T05:26:00Z,113380.85,PKR,easypaisa,CAPTURED
PAY700623,4ZRWCR,2026-06-27T09:15:27Z,52656.63,PKR,wallet,CAPTURED
PAY700797,RJH5NV,2026-06-27T09:49:19Z,88962.0,PKR,card,CAPTURED
PAY700493,E00J4C,2026-06-27T09:54:10Z,100738.28,PKR,card,CAPTURED
PAY700183,3XTACY,2026-06-27T10:42:15Z,215452.83,PKR,jazzcash,CAPTURED
PAY700723,YPVBF7,2026-06-27T11:03:04Z,27952.25,PKR,card,CAPTURED
PAY700305,7RQ0YX,2026-06-27T11:22:06Z,58751.64,PKR,easypaisa,CAPTURED
PAY700965,UM3TUF,2026-06-27T17:06:21Z,82245.24,PKR,jazzcash,CAPTURED
PAY700640,BZW76L,2026-06-27T18:26:29Z,103598.6,PKR,jazzcash,CAPTURED
PAY700386,96M564,2026-06-27T19:08:15Z,113711.23,PKR,card,CAPTURED
PAY700918,UXLW14,2026-06-27T19:26:00Z,177095.52,PKR,bank_transfer,REFUNDED
PAY700211,7MTDN9,2026-06-27T20:32:35Z,2424.9,AED,bank_transfer,CAPTURED
PAY700940,JWAET5,2026-06-27T22:02:48Z,58138.08,PKR,jazzcash,CAPTURED
PAY700226,TL3ARS,2026-06-27T22:53:22Z,103916.23,PKR,jazzcash,CAPTURED
PAY700333,A38Q24,2026-06-27T23:17:40Z,118653.6,PKR,wallet,CAPTURED
PAY700140,XJY993,2026-06-27T23:34:45Z,41887.31,PKR,easypaisa,CAPTURED
PAY701030,FJCQGQ,2026-06-28T00:01:20Z,55983.91,PKR,easypaisa,CAPTURED
PAY700325,QSRYLS,2026-06-28T00:52:51Z,77643.24,PKR,jazzcash,CAPTURED
PAY700223,0BU4PS,2026-06-28T04:53:52Z,119682.85,PKR,card,FAILED
PAY700224,0BU4PS,2026-06-28T04:55:52Z,119682.85,PKR,card,CAPTURED
PAY700364,9CJH34,2026-06-28T06:52:03Z,363724.74,PKR,wallet,CAPTURED
PAY700820,5ZSDSF,2026-06-28T09:56:12Z,281613.64,PKR,bank_transfer,REFUNDED
PAY700149,AU2YBD,2026-06-28T12:39:55Z,88340.75,PKR,bank_transfer,CAPTURED
PAY700085,SYYR2B,2026-06-28T12:40:14Z,81360.47,PKR,wallet,CAPTURED
PAY701041,QZSBC4,2026-06-28T13:42:57Z,302487.82,PKR,bank_transfer,REFUNDED
PAY700093,WED2JQ,2026-06-28T15:10:16Z,145017.23,PKR,bank_transfer,REFUNDED
PAY700814,W8JN80,2026-06-28T17:45:16Z,199121.97,PKR,bank_transfer,FAILED
PAY700815,W8JN80,2026-06-28T18:01:16Z,199121.97,PKR,jazzcash,CAPTURED
PAY700930,3DVU9Z,2026-06-28T19:40:43Z,117407.13,PKR,wallet,CAPTURED
PAY700100,9DY5R5,2026-06-28T21:41:48Z,172930.31,PKR,easypaisa,CAPTURED
PAY700491,SSUETU,2026-06-29T00:06:15Z,57272.73,PKR,bank_transfer,CAPTURED
PAY700686,PKPK2Z,2026-06-29T00:55:15Z,85763.28,PKR,easypaisa,CAPTURED
PAY700573,9YKB20,2026-06-29T01:01:10Z,196656.6,PKR,wallet,CAPTURED
PAY700806,Q9E1WP,2026-06-29T02:56:54Z,211213.84,PKR,bank_transfer,CAPTURED
PAY700509,DGAQMR,2026-06-29T09:31:44Z,121954.48,PKR,bank_transfer,REFUNDED
PAY701068,NJEDTS,2026-06-29T09:36:53Z,19693.34,PKR,easypaisa,CAPTURED
PAY700436,D7UD9U,2026-06-29T10:17:22Z,40926.58,PKR,easypaisa,CAPTURED
PAY700597,H27S6X,2026-06-29T11:22:20Z,193492.6,PKR,jazzcash,CAPTURED
PAY700119,YLBT9F,2026-06-29T16:15:45Z,167497.75,PKR,card,CAPTURED
PAY700118,YLBT9F,2026-06-29T16:22:45Z,167497.75,PKR,wallet,FAILED
PAY700634,TQ54XR,2026-06-29T18:09:11Z,105982.0,PKR,wallet,CAPTURED
PAY701029,MQT9GJ,2026-06-29T18:28:32Z,32907.69,PKR,wallet,CAPTURED
PAY700649,RUN4VW,2026-06-29T20:10:28Z,85948.69,PKR,easypaisa,CAPTURED
PAY701060,7T66T6,2026-06-29T20:17:44Z,179.71,USD,card,CAPTURED
PAY700230,H6T5FX,2026-06-29T21:09:25Z,100214.95,PKR,wallet,CAPTURED
PAY700717,326GWE,2026-06-30T11:44:06Z,462539.48,PKR,easypaisa,CAPTURED
PAY700192,7W7GL8,2026-06-30T12:49:20Z,42888.33,PKR,bank_transfer,CAPTURED
PAY700572,V47ZX5,2026-06-30T12:54:20Z,78498.07,PKR,jazzcash,CAPTURED
PAY700005,EJ80EK,2026-06-30T13:35:12Z,85409.73,PKR,wallet,CAPTURED
PAY700029,UPK81F,2026-06-30T15:39:24Z,422156.53,PKR,easypaisa,FAILED
PAY700030,UPK81F,2026-06-30T16:02:24Z,422156.53,PKR,jazzcash,CAPTURED
PAY700784,82TVTL,2026-06-30T18:39:40Z,154751.14,PKR,easypaisa,FAILED
PAY700991,FYS7MT,2026-06-30T18:51:59Z,199514.98,PKR,bank_transfer,REFUNDED
PAY700785,82TVTL,2026-06-30T19:09:40Z,154751.14,PKR,wallet,CAPTURED
PAY700277,SJZU56,2026-06-30T20:09:08Z,87233.4,PKR,card,CAPTURED
PAY700781,6AJB32,2026-06-30T20:15:13Z,88132.77,PKR,bank_transfer,CAPTURED
PAY700780,6AJB32,2026-06-30T20:21:13Z,88132.77,PKR,wallet,FAILED
PAY700696,BQ6TS6,2026-06-30T21:57:19Z,466411.5,PKR,bank_transfer,CAPTURED
PAY700610,B0RRW9,2026-07-01T04:51:14Z,997.32,AED,bank_transfer,REFUNDED
PAY700086,SYYR2B,2026-07-02T00:26:14Z,81360.47,PKR,bank_transfer,REFUNDED
PAY700657,N3USLV,2026-07-02T02:29:03Z,120505.71,PKR,bank_transfer,REFUNDED
PAY700577,9F9Y2T,2026-07-02T19:34:59Z,189848.68,PKR,bank_transfer,REFUNDED
PAY700591,NHA8A3,2026-07-03T04:34:47Z,256122.83,PKR,bank_transfer,REFUNDED
PAY700151,RKC6Z8,2026-07-03T19:15:55Z,119077.27,PKR,bank_transfer,REFUNDED
PAY700690,L6NG9K,2026-07-03T20:33:42Z,281621.51,PKR,bank_transfer,REFUNDED
PAY700099,W123GL,2026-07-04T05:51:14Z,45423.55,PKR,bank_transfer,REFUNDED
PAY700489,FKT15F,2026-07-04T06:26:04Z,83923.17,PKR,bank_transfer,REFUNDED
PAY700879,WXNZMM,2026-07-04T07:06:17Z,50201.38,PKR,bank_transfer,REFUNDED
PAY700040,3PS5QA,2026-07-04T13:15:51Z,97576.03,PKR,bank_transfer,REFUNDED
PAY700858,6WJD9F,2026-07-04T16:54:55Z,162153.3,PKR,bank_transfer,REFUNDED
PAY700740,DRZEFW,2026-07-04T17:19:59Z,184648.32,PKR,bank_transfer,REFUNDED
PAY700855,6D4V1Q,2026-07-05T13:14:06Z,117867.97,PKR,bank_transfer,REFUNDED
PAY700375,SPCTF4,2026-07-05T15:27:57Z,177478.53,PKR,bank_transfer,REFUNDED
PAY700903,6AWJRB,2026-07-06T05:52:58Z,200857.15,PKR,bank_transfer,REFUNDED
PAY700512,RU5KR1,2026-07-06T08:20:10Z,39600.7,PKR,bank_transfer,REFUNDED
PAY700306,7RQ0YX,2026-07-07T08:04:06Z,58751.64,PKR,bank_transfer,REFUNDED
PAY700816,W8JN80,2026-07-08T08:39:16Z,199121.97,PKR,bank_transfer,REFUNDED
PAY700582,SZQFTN,2026-07-08T12:00:42Z,32812.2,PKR,bank_transfer,REFUNDED
PAY700337,NUQHCF,2026-07-08T17:47:29Z,42841.89,PKR,bank_transfer,REFUNDED
PAY700101,9DY5R5,2026-07-08T19:23:48Z,172930.31,PKR,bank_transfer,REFUNDED
PAY700020,L58FET,2026-07-08T23:24:14Z,198347.17,PKR,bank_transfer,REFUNDED
PAY700543,YA46H1,2026-07-09T15:13:58Z,73261.68,PKR,bank_transfer,REFUNDED
PAY700637,CJVXZ4,2026-07-10T10:01:30Z,323724.03,PKR,bank_transfer,REFUNDED
PAY700055,U149CW,2026-07-10T12:16:29Z,50351.25,PKR,bank_transfer,REFUNDED
PAY700190,A7P1EQ,2026-07-10T15:48:45Z,108647.2,PKR,bank_transfer,REFUNDED
PAY700559,3KNUP8,2026-07-11T01:04:20Z,159552.37,PKR,bank_transfer,REFUNDED
PAY700022,7RUY70,2026-07-11T05:04:41Z,18514.41,PKR,bank_transfer,REFUNDED
PAY700035,6HESNS,2026-07-11T14:59:29Z,287694.0,PKR,bank_transfer,REFUNDED
PAY700154,WQS27X,2026-07-11T19:33:12Z,114725.64,PKR,bank_transfer,REFUNDED
PAY700792,EGCUPQ,2026-07-12T01:19:24Z,88554.7,PKR,bank_transfer,REFUNDED
PAY700615,UHCS5Y,2026-07-12T05:12:44Z,54545.51,PKR,bank_transfer,REFUNDED
PAY700340,B1J3VC,2026-07-12T09:31:38Z,442196.78,PKR,bank_transfer,REFUNDED
PAY700411,DHGUL4,2026-07-13T09:41:47Z,49145.57,PKR,bank_transfer,REFUNDED
PAY700871,2BJZQ7,2026-07-13T11:06:36Z,1805.4,AED,bank_transfer,REFUNDED
PAY700986,2PQRYC,2026-07-13T11:37:19Z,106319.43,PKR,bank_transfer,REFUNDED
PAY700907,HU8TFF,2026-07-13T15:12:19Z,86344.7,PKR,bank_transfer,REFUNDED
PAY700650,RUN4VW,2026-07-13T20:47:28Z,85948.69,PKR,bank_transfer,REFUNDED
PAY700117,C40GS0,2026-07-14T19:25:30Z,99986.56,PKR,bank_transfer,REFUNDED
PAY700988,JJ72TP,2026-07-15T01:00:52Z,43837.82,PKR,bank_transfer,REFUNDED
PAY700425,E8A4LT,2026-07-15T02:24:45Z,37824.41,PKR,bank_transfer,REFUNDED
PAY701012,QES6ZJ,2026-07-15T09:38:00Z,313480.34,PKR,bank_transfer,REFUNDED
PAY701028,V0K9W7,2026-07-15T17:58:48Z,45135.44,PKR,bank_transfer,REFUNDED
PAY700273,X8GJZU,2026-07-15T18:07:18Z,96747.0,PKR,bank_transfer,REFUNDED
PAY700757,N0DTS4,2026-07-15T21:52:28Z,58444.83,PKR,bank_transfer,REFUNDED
PAY700942,ZLVM2S,2026-07-15T23:12:16Z,1485.01,AED,bank_transfer,REFUNDED
PAY700895,YCZQE8,2026-07-16T10:12:46Z,80252.25,PKR,bank_transfer,REFUNDED
PAY700486,WPN1MS,2026-07-17T01:14:32Z,1148.29,AED,bank_transfer,REFUNDED
PAY700372,A73HTM,2026-07-17T03:44:41Z,73335.2,PKR,bank_transfer,REFUNDED
PAY700735,QTH5A7,2026-07-19T22:25:08Z,35807.6,PKR,bank_transfer,REFUNDED
PAY700250,SF9FPT,2026-07-20T09:01:01Z,156868.61,PKR,bank_transfer,REFUNDED
PAY700068,CGYH23,2026-07-21T21:37:24Z,106706.86,PKR,bank_transfer,REFUNDED
PAY701016,DY7N9N,2026-07-22T11:03:20Z,57369.85,PKR,bank_transfer,REFUNDED
PAY700963,YR8TTU,2026-07-23T23:34:14Z,352289.24,PKR,bank_transfer,REFUNDED
PAY700718,326GWE,2026-07-24T03:43:06Z,462539.48,PKR,bank_transfer,REFUNDED
PAY700229,0JAFFF,2026-07-25T02:18:14Z,41008.66,PKR,bank_transfer,REFUNDED
PAY700969,6W9SS2,2026-07-26T02:37:50Z,80413.87,PKR,bank_transfer,REFUNDED
PAY700694,JSTL35,2026-07-27T12:26:18Z,58254.68,PKR,bank_transfer,REFUNDED
PAY700562,29LSDM,2026-07-27T12:55:35Z,23087.19,PKR,bank_transfer,REFUNDED
PAY701061,7T66T6,2026-07-27T22:56:44Z,179.71,USD,bank_transfer,REFUNDED
PAY701051,QCRUNV,2026-07-28T04:53:36Z,40291.83,PKR,bank_transfer,REFUNDED
PAY700533,70EALF,2026-07-28T10:52:34Z,275891.18,PKR,bank_transfer,REFUNDED
PAY700129,DPW4PM,2026-07-29T01:29:25Z,41899.58,PKR,bank_transfer,REFUNDED
PAY700219,2NYDZM,2026-07-30T16:04:34Z,16955.43,PKR,bank_transfer,REFUNDED
PAY700297,TDJDAL,2026-08-01T08:40:03Z,245749.73,PKR,bank_transfer,REFUNDED
PAY700278,SJZU56,2026-08-02T09:46:08Z,87233.4,PKR,bank_transfer,REFUNDED
PAY700077,7Q3Q1E,2026-08-05T11:56:03Z,440593.67,PKR,bank_transfer,REFUNDED
PAY700939,PB7NSF,2026-08-06T17:09:36Z,104137.57,PKR,bank_transfer,REFUNDED
PAY700139,N5CUK9,2026-08-07T22:40:17Z,144422.52,PKR,bank_transfer,REFUNDED
PAY700420,X1H8TG,2026-08-08T21:56:12Z,137999.61,PKR,bank_transfer,REFUNDED
PAY700303,ARPPEL,2026-08-09T00:07:19Z,79146.61,PKR,bank_transfer,REFUNDED
PAY700526,KYHHUN,2026-08-09T00:54:12Z,108793.58,PKR,bank_transfer,REFUNDED
PAY700728,S7GXRP,2026-08-09T05:19:47Z,18245.94,PKR,bank_transfer,REFUNDED
PAY700003,YC3FAC,2026-08-09T11:08:26Z,39228.75,PKR,bank_transfer,REFUNDED
PAY700182,2ET94Z,2026-08-11T06:43:21Z,33867.32,PKR,bank_transfer,REFUNDED
PAY700641,BZW76L,2026-08-12T05:16:29Z,103598.6,PKR,bank_transfer,REFUNDED
PAY700193,7W7GL8,2026-08-13T21:34:20Z,42888.33,PKR,bank_transfer,REFUNDED
PAY700574,9YKB20,2026-08-14T11:25:10Z,196656.6,PKR,bank_transfer,REFUNDED
PAY701059,PE39M7,2026-08-16T14:13:45Z,104020.09,PKR,bank_transfer,REFUNDED
PAY700588,NX1HCU,2026-08-18T01:08:44Z,17729.01,PKR,bank_transfer,REFUNDED
PAY700554,XR7K70,2026-08-18T16:26:05Z,220158.5,PKR,bank_transfer,REFUNDED
PAY700316,UXY51C,2026-08-19T08:35:59Z,86517.9,PKR,bank_transfer,REFUNDED
PAY700147,KHDJ1X,2026-08-22T07:54:24Z,143770.1,PKR,bank_transfer,REFUNDED
PAY700786,82TVTL,2026-08-28T22:33:40Z,154751.14,PKR,bank_transfer,REFUNDED
PAY700334,A38Q24,2026-08-30T07:41:40Z,118653.6,PKR,bank_transfer,REFUNDED
